[0m19:14:04.291862 [debug] [MainThread]: Sending event: {'category': 'dbt', 'action': 'invocation', 'label': 'start', 'context': [<snowplow_tracker.self_describing_json.SelfDescribingJson object at 0x000002177CCDE3D0>, <snowplow_tracker.self_describing_json.SelfDescribingJson object at 0x000002177CAC33D0>, <snowplow_tracker.self_describing_json.SelfDescribingJson object at 0x000002177CC879D0>]}


============================== 19:14:04.298460 | ea1958d6-131e-4897-9ace-7be7da1bde43 ==============================
[0m19:14:04.298460 [info ] [MainThread]: Running with dbt=1.12.4
[0m19:14:04.299505 [debug] [MainThread]: running dbt with arguments {'static_parser': 'True', 'no_print': 'None', 'maximum_seed_size_mib': '1', 'warn_error_options': 'WarnErrorOptionsV2(error=[], warn=[], silence=[])', 'target_path': 'None', 'version_check': 'True', 'printer_width': '80', 'write_json': 'True', 'introspect': 'True', 'log_cache_events': 'False', 'empty': 'None', 'cache_selected_only': 'False', 'log_format': 'default', 'debug': 'False', 'fail_fast': 'False', 'partial_parse': 'True', 'send_anonymous_usage_stats': 'True', 'quiet': 'False', 'warn_error': 'None', 'profiles_dir': 'C:/Users/alber/OneDrive/Data Engineering/Projects/kpi-nodejs/kpi-dashboard-orig/kpi-dashboard/marketplace/dbt', 'use_colors': 'True', 'hints_enabled': 'True', 'invocation_command': 'dbt parse --project-dir marketplace/dbt', 'use_experimental_parser': 'False', 'indirect_selection': 'eager', 'log_path': 'marketplace\\dbt\\logs'}
[0m19:14:05.246276 [debug] [MainThread]: Sending event: {'category': 'dbt', 'action': 'project_id', 'label': 'ea1958d6-131e-4897-9ace-7be7da1bde43', 'context': [<snowplow_tracker.self_describing_json.SelfDescribingJson object at 0x000002177CCC6410>]}
[0m19:14:05.416924 [debug] [MainThread]: Sending event: {'category': 'dbt', 'action': 'adapter_info', 'label': 'ea1958d6-131e-4897-9ace-7be7da1bde43', 'context': [<snowplow_tracker.self_describing_json.SelfDescribingJson object at 0x00000217783F9D10>]}
[0m19:14:05.420026 [info ] [MainThread]: Registered adapter: trino=1.8.3
[0m19:14:06.043097 [debug] [MainThread]: checksum: b928a7eedccae93fc000670c8a66fea42035ae928e6eb84a6bb03385efa0dc05, vars: {}, profile: nda_marketplace, target: dev, version: 1.12.4
[0m19:14:06.044597 [info ] [MainThread]: Unable to do partial parsing because saved manifest not found. Starting full parse.
[0m19:14:06.045596 [debug] [MainThread]: Sending event: {'category': 'dbt', 'action': 'partial_parser', 'label': 'ea1958d6-131e-4897-9ace-7be7da1bde43', 'context': [<snowplow_tracker.self_describing_json.SelfDescribingJson object at 0x000002177D09BB50>]}
[0m19:14:08.218631 [error] [MainThread]: [[31mERROR[0m]: Encountered an error:
Parsing Error
  The semantic layer requires a time spine model with granularity DAY or smaller in the project, but none was found. Guidance on creating this model can be found on our docs site (https://docs.getdbt.com/docs/build/metricflow-time-spine).
[0m19:14:08.220644 [debug] [MainThread]: Command `python -m dbt.cli.main parse` failed at 19:14:08.220144 after 4.11 seconds
[0m19:14:08.221639 [debug] [MainThread]: Sending event: {'category': 'dbt', 'action': 'invocation', 'label': 'end', 'context': [<snowplow_tracker.self_describing_json.SelfDescribingJson object at 0x000002177CC87A10>, <snowplow_tracker.self_describing_json.SelfDescribingJson object at 0x000002177E9C9090>, <snowplow_tracker.self_describing_json.SelfDescribingJson object at 0x000002177EA58FD0>]}
[0m19:14:08.222140 [debug] [MainThread]: Flushing usage events
[0m19:14:09.944196 [debug] [MainThread]: An error was encountered while trying to flush usage events
[0m19:15:12.789547 [debug] [MainThread]: Sending event: {'category': 'dbt', 'action': 'invocation', 'label': 'start', 'context': [<snowplow_tracker.self_describing_json.SelfDescribingJson object at 0x000001D0235C7610>, <snowplow_tracker.self_describing_json.SelfDescribingJson object at 0x000001D0235C5850>, <snowplow_tracker.self_describing_json.SelfDescribingJson object at 0x000001D023682290>]}


============================== 19:15:12.795046 | 7871340a-6759-4820-b686-930d418ef913 ==============================
[0m19:15:12.795046 [info ] [MainThread]: Running with dbt=1.12.4
[0m19:15:12.796054 [debug] [MainThread]: running dbt with arguments {'maximum_seed_size_mib': '1', 'no_print': 'None', 'static_parser': 'True', 'target_path': 'None', 'warn_error_options': 'WarnErrorOptionsV2(error=[], warn=[], silence=[])', 'version_check': 'True', 'printer_width': '80', 'write_json': 'True', 'introspect': 'True', 'log_cache_events': 'False', 'empty': 'None', 'cache_selected_only': 'False', 'log_format': 'default', 'debug': 'False', 'fail_fast': 'False', 'partial_parse': 'True', 'send_anonymous_usage_stats': 'True', 'quiet': 'False', 'warn_error': 'None', 'profiles_dir': 'C:/Users/alber/OneDrive/Data Engineering/Projects/kpi-nodejs/kpi-dashboard-orig/kpi-dashboard/marketplace/dbt', 'indirect_selection': 'eager', 'hints_enabled': 'True', 'use_colors': 'True', 'use_experimental_parser': 'False', 'invocation_command': 'dbt parse --project-dir marketplace/dbt', 'log_path': 'marketplace\\dbt\\logs'}
[0m19:15:13.275929 [debug] [MainThread]: Sending event: {'category': 'dbt', 'action': 'project_id', 'label': '7871340a-6759-4820-b686-930d418ef913', 'context': [<snowplow_tracker.self_describing_json.SelfDescribingJson object at 0x000001D0238646D0>]}
[0m19:15:13.386507 [debug] [MainThread]: Sending event: {'category': 'dbt', 'action': 'adapter_info', 'label': '7871340a-6759-4820-b686-930d418ef913', 'context': [<snowplow_tracker.self_describing_json.SelfDescribingJson object at 0x000001D01ED416D0>]}
[0m19:15:13.388008 [info ] [MainThread]: Registered adapter: trino=1.8.3
[0m19:15:13.965946 [debug] [MainThread]: checksum: b928a7eedccae93fc000670c8a66fea42035ae928e6eb84a6bb03385efa0dc05, vars: {}, profile: nda_marketplace, target: dev, version: 1.12.4
[0m19:15:13.967449 [info ] [MainThread]: Unable to do partial parsing because saved manifest not found. Starting full parse.
[0m19:15:13.968446 [debug] [MainThread]: Sending event: {'category': 'dbt', 'action': 'partial_parser', 'label': '7871340a-6759-4820-b686-930d418ef913', 'context': [<snowplow_tracker.self_describing_json.SelfDescribingJson object at 0x000001D0236831D0>]}
[0m19:15:15.994253 [error] [MainThread]: [[33mWARNING[0m]: Found measure with name avg_waiting_days in multiple semantic models with names (['turnaround_performance'])
[0m19:15:15.995253 [error] [MainThread]: [[33mWARNING[0m]: Invalid name `application_throughput__applications_received` - names may only contain lower case letters, numbers, and underscores. Additionally, names must start with a lower case letter, cannot end with an underscore, cannot contain dunders (double underscores, or __), and must be at least 2 characters long.
[0m19:15:15.995755 [error] [MainThread]: [[33mWARNING[0m]: Invalid name `application_throughput__applications_completed` - names may only contain lower case letters, numbers, and underscores. Additionally, names must start with a lower case letter, cannot end with an underscore, cannot contain dunders (double underscores, or __), and must be at least 2 characters long.
[0m19:15:15.996753 [error] [MainThread]: [[33mWARNING[0m]: Invalid name `application_throughput__applications_open` - names may only contain lower case letters, numbers, and underscores. Additionally, names must start with a lower case letter, cannot end with an underscore, cannot contain dunders (double underscores, or __), and must be at least 2 characters long.
[0m19:15:15.997753 [error] [MainThread]: [[33mWARNING[0m]: Invalid name `application_throughput__applications_overdue` - names may only contain lower case letters, numbers, and underscores. Additionally, names must start with a lower case letter, cannot end with an underscore, cannot contain dunders (double underscores, or __), and must be at least 2 characters long.
[0m19:15:15.998253 [error] [MainThread]: [[33mWARNING[0m]: Invalid name `turnaround_performance__avg_turnaround_days` - names may only contain lower case letters, numbers, and underscores. Additionally, names must start with a lower case letter, cannot end with an underscore, cannot contain dunders (double underscores, or __), and must be at least 2 characters long.
[0m19:15:15.999220 [error] [MainThread]: [[33mWARNING[0m]: Invalid name `turnaround_performance__median_turnaround_days` - names may only contain lower case letters, numbers, and underscores. Additionally, names must start with a lower case letter, cannot end with an underscore, cannot contain dunders (double underscores, or __), and must be at least 2 characters long.
[0m19:15:16.000220 [error] [MainThread]: [[33mWARNING[0m]: Invalid name `turnaround_performance__avg_working_days` - names may only contain lower case letters, numbers, and underscores. Additionally, names must start with a lower case letter, cannot end with an underscore, cannot contain dunders (double underscores, or __), and must be at least 2 characters long.
[0m19:15:16.000722 [error] [MainThread]: [[33mWARNING[0m]: Invalid name `turnaround_performance__avg_waiting_days` - names may only contain lower case letters, numbers, and underscores. Additionally, names must start with a lower case letter, cannot end with an underscore, cannot contain dunders (double underscores, or __), and must be at least 2 characters long.
[0m19:15:16.001720 [error] [MainThread]: [[33mWARNING[0m]: Invalid name `turnaround_performance__pct_on_time` - names may only contain lower case letters, numbers, and underscores. Additionally, names must start with a lower case letter, cannot end with an underscore, cannot contain dunders (double underscores, or __), and must be at least 2 characters long.
[0m19:15:16.002723 [error] [MainThread]: [[33mWARNING[0m]: Invalid name `delay_analysis__avg_elapsed_days` - names may only contain lower case letters, numbers, and underscores. Additionally, names must start with a lower case letter, cannot end with an underscore, cannot contain dunders (double underscores, or __), and must be at least 2 characters long.
[0m19:15:16.003721 [error] [MainThread]: [[33mWARNING[0m]: Invalid name `delay_analysis__avg_waiting_days` - names may only contain lower case letters, numbers, and underscores. Additionally, names must start with a lower case letter, cannot end with an underscore, cannot contain dunders (double underscores, or __), and must be at least 2 characters long.
[0m19:15:16.004228 [error] [MainThread]: [[33mWARNING[0m]: Invalid name `delay_analysis__pct_time_waiting` - names may only contain lower case letters, numbers, and underscores. Additionally, names must start with a lower case letter, cannot end with an underscore, cannot contain dunders (double underscores, or __), and must be at least 2 characters long.
[0m19:15:16.005222 [error] [MainThread]: [[33mWARNING[0m]: Invalid name `delay_analysis__times_performed` - names may only contain lower case letters, numbers, and underscores. Additionally, names must start with a lower case letter, cannot end with an underscore, cannot contain dunders (double underscores, or __), and must be at least 2 characters long.
[0m19:15:16.005761 [error] [MainThread]: [[33mWARNING[0m]: Invalid name `quality_metrics__pct_compliant` - names may only contain lower case letters, numbers, and underscores. Additionally, names must start with a lower case letter, cannot end with an underscore, cannot contain dunders (double underscores, or __), and must be at least 2 characters long.
[0m19:15:16.006729 [error] [MainThread]: [[33mWARNING[0m]: Invalid name `quality_metrics__compliant_count` - names may only contain lower case letters, numbers, and underscores. Additionally, names must start with a lower case letter, cannot end with an underscore, cannot contain dunders (double underscores, or __), and must be at least 2 characters long.
[0m19:15:16.007229 [error] [MainThread]: [[33mWARNING[0m]: Invalid name `quality_metrics__non_compliant_count` - names may only contain lower case letters, numbers, and underscores. Additionally, names must start with a lower case letter, cannot end with an underscore, cannot contain dunders (double underscores, or __), and must be at least 2 characters long.
[0m19:15:16.008230 [error] [MainThread]: [[33mWARNING[0m]: Invalid name `quality_metrics__assessments` - names may only contain lower case letters, numbers, and underscores. Additionally, names must start with a lower case letter, cannot end with an underscore, cannot contain dunders (double underscores, or __), and must be at least 2 characters long.
[0m19:15:16.008760 [error] [MainThread]: [[33mWARNING[0m]: Invalid name `indicator_performance__indicator_value` - names may only contain lower case letters, numbers, and underscores. Additionally, names must start with a lower case letter, cannot end with an underscore, cannot contain dunders (double underscores, or __), and must be at least 2 characters long.
[0m19:15:16.009761 [error] [MainThread]: [[33mWARNING[0m]: Invalid name `indicator_performance__indicator_target` - names may only contain lower case letters, numbers, and underscores. Additionally, names must start with a lower case letter, cannot end with an underscore, cannot contain dunders (double underscores, or __), and must be at least 2 characters long.
[0m19:15:16.010730 [error] [MainThread]: [[31mERROR[0m]: Encountered an error:
Parsing Error
  Semantic Manifest validation failed.
[0m19:15:16.012227 [debug] [MainThread]: Command `python -m dbt.cli.main parse` failed at 19:15:16.012227 after 3.40 seconds
[0m19:15:16.013227 [debug] [MainThread]: Sending event: {'category': 'dbt', 'action': 'invocation', 'label': 'end', 'context': [<snowplow_tracker.self_describing_json.SelfDescribingJson object at 0x000001D0235D7790>, <snowplow_tracker.self_describing_json.SelfDescribingJson object at 0x000001D0235D4810>, <snowplow_tracker.self_describing_json.SelfDescribingJson object at 0x000001D025329B50>]}
[0m19:15:16.014229 [debug] [MainThread]: Flushing usage events
[0m19:15:17.752180 [debug] [MainThread]: An error was encountered while trying to flush usage events
[0m19:15:41.369570 [debug] [MainThread]: Sending event: {'category': 'dbt', 'action': 'invocation', 'label': 'start', 'context': [<snowplow_tracker.self_describing_json.SelfDescribingJson object at 0x00000147526824D0>, <snowplow_tracker.self_describing_json.SelfDescribingJson object at 0x00000147525C2110>, <snowplow_tracker.self_describing_json.SelfDescribingJson object at 0x000001474FEF8C90>]}


============================== 19:15:41.375067 | 6db6ca9b-a4f2-4a10-9824-85b55f72199e ==============================
[0m19:15:41.375067 [info ] [MainThread]: Running with dbt=1.12.4
[0m19:15:41.376068 [debug] [MainThread]: running dbt with arguments {'static_parser': 'True', 'no_print': 'None', 'version_check': 'True', 'warn_error_options': 'WarnErrorOptionsV2(error=[], warn=[], silence=[])', 'target_path': 'None', 'maximum_seed_size_mib': '1', 'printer_width': '80', 'write_json': 'True', 'empty': 'None', 'log_cache_events': 'False', 'introspect': 'True', 'cache_selected_only': 'False', 'log_format': 'default', 'debug': 'False', 'fail_fast': 'False', 'partial_parse': 'True', 'send_anonymous_usage_stats': 'True', 'quiet': 'False', 'warn_error': 'None', 'profiles_dir': 'C:/Users/alber/OneDrive/Data Engineering/Projects/kpi-nodejs/kpi-dashboard-orig/kpi-dashboard/marketplace/dbt', 'indirect_selection': 'eager', 'hints_enabled': 'True', 'use_colors': 'True', 'use_experimental_parser': 'False', 'invocation_command': 'dbt parse --project-dir marketplace/dbt', 'log_path': 'marketplace\\dbt\\logs'}
[0m19:15:41.801355 [debug] [MainThread]: Sending event: {'category': 'dbt', 'action': 'project_id', 'label': '6db6ca9b-a4f2-4a10-9824-85b55f72199e', 'context': [<snowplow_tracker.self_describing_json.SelfDescribingJson object at 0x000001475240A4D0>]}
[0m19:15:41.918449 [debug] [MainThread]: Sending event: {'category': 'dbt', 'action': 'adapter_info', 'label': '6db6ca9b-a4f2-4a10-9824-85b55f72199e', 'context': [<snowplow_tracker.self_describing_json.SelfDescribingJson object at 0x000001474DD47150>]}
[0m19:15:41.919949 [info ] [MainThread]: Registered adapter: trino=1.8.3
[0m19:15:42.505903 [debug] [MainThread]: checksum: b928a7eedccae93fc000670c8a66fea42035ae928e6eb84a6bb03385efa0dc05, vars: {}, profile: nda_marketplace, target: dev, version: 1.12.4
[0m19:15:42.507901 [info ] [MainThread]: Unable to do partial parsing because saved manifest not found. Starting full parse.
[0m19:15:42.509407 [debug] [MainThread]: Sending event: {'category': 'dbt', 'action': 'partial_parser', 'label': '6db6ca9b-a4f2-4a10-9824-85b55f72199e', 'context': [<snowplow_tracker.self_describing_json.SelfDescribingJson object at 0x00000147529E3E50>]}
[0m19:15:44.545456 [error] [MainThread]: [[33mWARNING[0m]: Found measure with name avg_waiting_days in multiple semantic models with names (['turnaround_performance'])
[0m19:15:44.546456 [error] [MainThread]: [[31mERROR[0m]: Encountered an error:
Parsing Error
  Semantic Manifest validation failed.
[0m19:15:44.548460 [debug] [MainThread]: Command `python -m dbt.cli.main parse` failed at 19:15:44.548460 after 3.35 seconds
[0m19:15:44.549456 [debug] [MainThread]: Sending event: {'category': 'dbt', 'action': 'invocation', 'label': 'end', 'context': [<snowplow_tracker.self_describing_json.SelfDescribingJson object at 0x00000147526885D0>, <snowplow_tracker.self_describing_json.SelfDescribingJson object at 0x000001475268A810>, <snowplow_tracker.self_describing_json.SelfDescribingJson object at 0x00000147525C25D0>]}
[0m19:15:44.549957 [debug] [MainThread]: Flushing usage events
[0m19:15:46.140888 [debug] [MainThread]: An error was encountered while trying to flush usage events
[0m19:16:09.743982 [debug] [MainThread]: Sending event: {'category': 'dbt', 'action': 'invocation', 'label': 'start', 'context': [<snowplow_tracker.self_describing_json.SelfDescribingJson object at 0x000001A33FAC06D0>, <snowplow_tracker.self_describing_json.SelfDescribingJson object at 0x000001A34429EA10>, <snowplow_tracker.self_describing_json.SelfDescribingJson object at 0x000001A3466F7210>]}


============================== 19:16:09.748983 | 1f60afd1-6537-4cf8-b75f-b2a3d2fd4bb1 ==============================
[0m19:16:09.748983 [info ] [MainThread]: Running with dbt=1.12.4
[0m19:16:09.750483 [debug] [MainThread]: running dbt with arguments {'version_check': 'True', 'no_print': 'None', 'static_parser': 'True', 'warn_error_options': 'WarnErrorOptionsV2(error=[], warn=[], silence=[])', 'maximum_seed_size_mib': '1', 'target_path': 'None', 'printer_width': '80', 'write_json': 'True', 'empty': 'None', 'log_cache_events': 'False', 'introspect': 'True', 'cache_selected_only': 'False', 'log_format': 'default', 'debug': 'False', 'fail_fast': 'False', 'profiles_dir': 'C:/Users/alber/OneDrive/Data Engineering/Projects/kpi-nodejs/kpi-dashboard-orig/kpi-dashboard/marketplace/dbt', 'send_anonymous_usage_stats': 'True', 'quiet': 'False', 'warn_error': 'None', 'partial_parse': 'True', 'indirect_selection': 'eager', 'hints_enabled': 'True', 'invocation_command': 'dbt parse --project-dir marketplace/dbt', 'use_experimental_parser': 'False', 'use_colors': 'True', 'log_path': 'marketplace\\dbt\\logs'}
[0m19:16:10.315171 [debug] [MainThread]: Sending event: {'category': 'dbt', 'action': 'project_id', 'label': '1f60afd1-6537-4cf8-b75f-b2a3d2fd4bb1', 'context': [<snowplow_tracker.self_describing_json.SelfDescribingJson object at 0x000001A346729550>]}
[0m19:16:10.445106 [debug] [MainThread]: Sending event: {'category': 'dbt', 'action': 'adapter_info', 'label': '1f60afd1-6537-4cf8-b75f-b2a3d2fd4bb1', 'context': [<snowplow_tracker.self_describing_json.SelfDescribingJson object at 0x000001A341DE2C50>]}
[0m19:16:10.446615 [info ] [MainThread]: Registered adapter: trino=1.8.3
[0m19:16:11.122166 [debug] [MainThread]: checksum: b928a7eedccae93fc000670c8a66fea42035ae928e6eb84a6bb03385efa0dc05, vars: {}, profile: nda_marketplace, target: dev, version: 1.12.4
[0m19:16:11.123666 [info ] [MainThread]: Unable to do partial parsing because saved manifest not found. Starting full parse.
[0m19:16:11.124666 [debug] [MainThread]: Sending event: {'category': 'dbt', 'action': 'partial_parser', 'label': '1f60afd1-6537-4cf8-b75f-b2a3d2fd4bb1', 'context': [<snowplow_tracker.self_describing_json.SelfDescribingJson object at 0x000001A346B12C50>]}
[0m19:16:13.404909 [debug] [MainThread]: Sending event: {'category': 'dbt', 'action': 'load_project', 'label': '1f60afd1-6537-4cf8-b75f-b2a3d2fd4bb1', 'context': [<snowplow_tracker.self_describing_json.SelfDescribingJson object at 0x000001A346F8BC10>]}
[0m19:16:13.410909 [info ] [MainThread]: Performance info: marketplace\dbt\target\perf_info.json
[0m19:16:13.664155 [debug] [MainThread]: Wrote artifact WritableManifest to marketplace\dbt\target\manifest.json
[0m19:16:13.677121 [debug] [MainThread]: Wrote artifact SemanticManifest to marketplace\dbt\target\semantic_manifest.json
[0m19:16:13.743289 [debug] [MainThread]: Wrote artifact OsiDocument to marketplace\dbt\target\osi_document.json
[0m19:16:13.745789 [debug] [MainThread]: Command `python -m dbt.cli.main parse` succeeded at 19:16:13.745294 after 4.19 seconds
[0m19:16:13.747311 [debug] [MainThread]: Sending event: {'category': 'dbt', 'action': 'invocation', 'label': 'end', 'context': [<snowplow_tracker.self_describing_json.SelfDescribingJson object at 0x000001A343EA1790>, <snowplow_tracker.self_describing_json.SelfDescribingJson object at 0x000001A341DCE550>, <snowplow_tracker.self_describing_json.SelfDescribingJson object at 0x000001A346AD1450>]}
[0m19:16:13.748813 [debug] [MainThread]: Flushing usage events
[0m19:16:15.338666 [debug] [MainThread]: An error was encountered while trying to flush usage events
[0m19:16:31.563438 [debug] [MainThread]: Sending event: {'category': 'dbt', 'action': 'invocation', 'label': 'start', 'context': [<snowplow_tracker.self_describing_json.SelfDescribingJson object at 0x000001EDDA873050>, <snowplow_tracker.self_describing_json.SelfDescribingJson object at 0x000001EDDA8725D0>, <snowplow_tracker.self_describing_json.SelfDescribingJson object at 0x000001EDDA8721D0>]}


============================== 19:16:31.569537 | 191a29b2-c386-409a-a7d1-912bb5704201 ==============================
[0m19:16:31.569537 [info ] [MainThread]: Running with dbt=1.12.4
[0m19:16:31.570569 [debug] [MainThread]: running dbt with arguments {'version_check': 'True', 'no_print': 'None', 'maximum_seed_size_mib': '1', 'warn_error_options': 'WarnErrorOptionsV2(error=[], warn=[], silence=[])', 'target_path': 'None', 'static_parser': 'True', 'printer_width': '80', 'write_json': 'True', 'empty': 'False', 'log_cache_events': 'False', 'introspect': 'True', 'cache_selected_only': 'False', 'log_format': 'default', 'debug': 'False', 'fail_fast': 'False', 'partial_parse': 'True', 'send_anonymous_usage_stats': 'True', 'quiet': 'False', 'warn_error': 'None', 'profiles_dir': 'C:/Users/alber/OneDrive/Data Engineering/Projects/kpi-nodejs/kpi-dashboard-orig/kpi-dashboard/marketplace/dbt', 'use_colors': 'True', 'hints_enabled': 'True', 'invocation_command': 'dbt build --project-dir marketplace/dbt', 'use_experimental_parser': 'False', 'indirect_selection': 'eager', 'log_path': 'marketplace\\dbt\\logs'}
[0m19:16:32.008567 [debug] [MainThread]: Sending event: {'category': 'dbt', 'action': 'project_id', 'label': '191a29b2-c386-409a-a7d1-912bb5704201', 'context': [<snowplow_tracker.self_describing_json.SelfDescribingJson object at 0x000001EDDA9CDDD0>]}
[0m19:16:32.136854 [debug] [MainThread]: Sending event: {'category': 'dbt', 'action': 'adapter_info', 'label': '191a29b2-c386-409a-a7d1-912bb5704201', 'context': [<snowplow_tracker.self_describing_json.SelfDescribingJson object at 0x000001EDD5EE7550>]}
[0m19:16:32.138854 [info ] [MainThread]: Registered adapter: trino=1.8.3
[0m19:16:32.787598 [debug] [MainThread]: checksum: b928a7eedccae93fc000670c8a66fea42035ae928e6eb84a6bb03385efa0dc05, vars: {}, profile: nda_marketplace, target: dev, version: 1.12.4
[0m19:16:33.036231 [debug] [MainThread]: Partial parsing enabled: 0 files deleted, 0 files added, 0 files changed.
[0m19:16:33.037229 [debug] [MainThread]: Nothing changed, skipping partial parsing.
[0m19:16:33.038231 [debug] [MainThread]: Partial parsing enabled, no changes found, skipping parsing
[0m19:16:33.052237 [debug] [MainThread]: Sending event: {'category': 'dbt', 'action': 'load_project', 'label': '191a29b2-c386-409a-a7d1-912bb5704201', 'context': [<snowplow_tracker.self_describing_json.SelfDescribingJson object at 0x000001EDDA89F990>]}
[0m19:16:33.289571 [debug] [MainThread]: Wrote artifact WritableManifest to marketplace\dbt\target\manifest.json
[0m19:16:33.304084 [debug] [MainThread]: Wrote artifact SemanticManifest to marketplace\dbt\target\semantic_manifest.json
[0m19:16:33.360182 [debug] [MainThread]: Wrote artifact OsiDocument to marketplace\dbt\target\osi_document.json
[0m19:16:33.408292 [debug] [MainThread]: Sending event: {'category': 'dbt', 'action': 'resource_counts', 'label': '191a29b2-c386-409a-a7d1-912bb5704201', 'context': [<snowplow_tracker.self_describing_json.SelfDescribingJson object at 0x000001EDDAB3F5D0>]}
[0m19:16:33.409802 [info ] [MainThread]: Found 6 models, 19 metrics, 495 macros, 5 semantic models
[0m19:16:33.414803 [info ] [MainThread]: 
[0m19:16:33.415800 [info ] [MainThread]: Concurrency: 4 threads (target='dev')
[0m19:16:33.417300 [info ] [MainThread]: 
[0m19:16:33.419299 [debug] [MainThread]: Acquiring new trino connection 'master'
[0m19:16:33.427339 [debug] [ThreadPool]: Acquiring new trino connection 'list_iceberg'
[0m19:16:33.729468 [debug] [ThreadPool]: Using trino connection "list_iceberg"
[0m19:16:33.730469 [debug] [ThreadPool]: On list_iceberg: /* {"app": "dbt", "dbt_version": "1.12.4", "profile_name": "nda_marketplace", "target_name": "dev", "connection_name": "list_iceberg"} */

    select schema_name
    from "iceberg".INFORMATION_SCHEMA.schemata
[0m19:16:33.731468 [debug] [ThreadPool]: Opening a new connection, currently in state init
[0m19:16:35.885661 [debug] [ThreadPool]: SQL status: SUCCESS in 2.154 seconds
[0m19:16:35.888662 [debug] [ThreadPool]: On list_iceberg: Close
[0m19:16:35.891637 [debug] [ThreadPool]: Re-using an available connection from the pool (formerly list_iceberg, now create_iceberg_marketplace_marketplace)
[0m19:16:35.893671 [debug] [ThreadPool]: Creating schema "database: "iceberg"
schema: "marketplace_marketplace"
"
[0m19:16:35.900671 [debug] [ThreadPool]: Using trino connection "create_iceberg_marketplace_marketplace"
[0m19:16:35.902220 [debug] [ThreadPool]: On create_iceberg_marketplace_marketplace: /* {"app": "dbt", "dbt_version": "1.12.4", "profile_name": "nda_marketplace", "target_name": "dev", "connection_name": "create_iceberg_marketplace_marketplace"} */
create schema if not exists "iceberg"."marketplace_marketplace"
[0m19:16:35.902721 [debug] [ThreadPool]: Opening a new connection, currently in state closed
[0m19:16:38.017898 [debug] [ThreadPool]: SQL status: CREATE SCHEMA in 2.115 seconds
[0m19:16:38.019899 [debug] [ThreadPool]: On create_iceberg_marketplace_marketplace: COMMIT
[0m19:16:38.020896 [debug] [ThreadPool]: On create_iceberg_marketplace_marketplace: Close
[0m19:16:38.024897 [debug] [ThreadPool]: Acquiring new trino connection 'list_iceberg_marketplace_marketplace'
[0m19:16:38.051412 [debug] [ThreadPool]: Using trino connection "list_iceberg_marketplace_marketplace"
[0m19:16:38.052918 [debug] [ThreadPool]: On list_iceberg_marketplace_marketplace: /* {"app": "dbt", "dbt_version": "1.12.4", "profile_name": "nda_marketplace", "target_name": "dev", "connection_name": "list_iceberg_marketplace_marketplace"} */
select
      t.table_catalog as database,
      t.table_name as name,
      t.table_schema as schema,
      case when mv.name is not null then 'materialized_view'
           when t.table_type = 'BASE TABLE' then 'table'
           when t.table_type = 'VIEW' then 'view'
           else t.table_type
      end as table_type
    from "iceberg".INFORMATION_SCHEMA.tables t
    left join (
            select * from system.metadata.materialized_views
            where catalog_name = 'iceberg'
              and schema_name = 'marketplace_marketplace') mv
          on mv.catalog_name = t.table_catalog and mv.schema_name = t.table_schema and mv.name = t.table_name
    where t.table_schema = 'marketplace_marketplace'
[0m19:16:38.055916 [debug] [ThreadPool]: Opening a new connection, currently in state init
[0m19:16:40.965443 [debug] [ThreadPool]: SQL status: SUCCESS in 2.909 seconds
[0m19:16:40.970032 [debug] [ThreadPool]: On list_iceberg_marketplace_marketplace: ROLLBACK
[0m19:16:40.972040 [debug] [ThreadPool]: On list_iceberg_marketplace_marketplace: Close
[0m19:16:40.974545 [debug] [MainThread]: Sending event: {'category': 'dbt', 'action': 'runnable_timing', 'label': '191a29b2-c386-409a-a7d1-912bb5704201', 'context': [<snowplow_tracker.self_describing_json.SelfDescribingJson object at 0x000001EDD5FEBBD0>]}
[0m19:16:40.977542 [debug] [MainThread]: On master: COMMIT
[0m19:16:40.994101 [debug] [Thread-1 (]: Began running node model.nda_marketplace.application_throughput
[0m19:16:40.995618 [debug] [Thread-2 (]: Began running node model.nda_marketplace.delay_analysis
[0m19:16:40.996123 [debug] [Thread-3 (]: Began running node model.nda_marketplace.indicator_performance
[0m19:16:40.997138 [debug] [Thread-4 (]: Began running node model.nda_marketplace.metricflow_time_spine
[0m19:16:40.998148 [info ] [Thread-1 (]: 1 of 6 START sql view model marketplace_marketplace.application_throughput ..... [RUN]
[0m19:16:40.999149 [info ] [Thread-2 (]: 2 of 6 START sql view model marketplace_marketplace.delay_analysis ............. [RUN]
[0m19:16:41.000672 [info ] [Thread-3 (]: 3 of 6 START sql view model marketplace_marketplace.indicator_performance ...... [RUN]
[0m19:16:41.002170 [info ] [Thread-4 (]: 4 of 6 START sql table model marketplace_marketplace.metricflow_time_spine ..... [RUN]
[0m19:16:41.003691 [debug] [Thread-1 (]: Acquiring new trino connection 'model.nda_marketplace.application_throughput'
[0m19:16:41.005204 [debug] [Thread-2 (]: Acquiring new trino connection 'model.nda_marketplace.delay_analysis'
[0m19:16:41.005712 [debug] [Thread-3 (]: Acquiring new trino connection 'model.nda_marketplace.indicator_performance'
[0m19:16:41.008238 [debug] [Thread-4 (]: Acquiring new trino connection 'model.nda_marketplace.metricflow_time_spine'
[0m19:16:41.009253 [debug] [Thread-1 (]: Began compiling node model.nda_marketplace.application_throughput
[0m19:16:41.010749 [debug] [Thread-2 (]: Began compiling node model.nda_marketplace.delay_analysis
[0m19:16:41.011758 [debug] [Thread-3 (]: Began compiling node model.nda_marketplace.indicator_performance
[0m19:16:41.012248 [debug] [Thread-4 (]: Began compiling node model.nda_marketplace.metricflow_time_spine
[0m19:16:41.015749 [debug] [Thread-1 (]: Writing injected SQL for node "model.nda_marketplace.application_throughput"
[0m19:16:41.019263 [debug] [Thread-2 (]: Writing injected SQL for node "model.nda_marketplace.delay_analysis"
[0m19:16:41.023351 [debug] [Thread-3 (]: Writing injected SQL for node "model.nda_marketplace.indicator_performance"
[0m19:16:41.027356 [debug] [Thread-4 (]: Writing injected SQL for node "model.nda_marketplace.metricflow_time_spine"
[0m19:16:41.037517 [debug] [Thread-4 (]: Began executing node model.nda_marketplace.metricflow_time_spine
[0m19:16:41.038519 [debug] [Thread-3 (]: Began executing node model.nda_marketplace.indicator_performance
[0m19:16:41.039629 [debug] [Thread-1 (]: Began executing node model.nda_marketplace.application_throughput
[0m19:16:41.040638 [debug] [Thread-2 (]: Began executing node model.nda_marketplace.delay_analysis
[0m19:16:41.150356 [debug] [Thread-3 (]: Writing runtime sql for node "model.nda_marketplace.indicator_performance"
[0m19:16:41.142826 [debug] [Thread-1 (]: Writing runtime sql for node "model.nda_marketplace.application_throughput"
[0m19:16:41.172395 [debug] [Thread-2 (]: Writing runtime sql for node "model.nda_marketplace.delay_analysis"
[0m19:16:41.186131 [debug] [Thread-4 (]: Writing runtime sql for node "model.nda_marketplace.metricflow_time_spine"
[0m19:16:41.200569 [debug] [Thread-4 (]: Using trino connection "model.nda_marketplace.metricflow_time_spine"
[0m19:16:41.221579 [debug] [Thread-2 (]: Using trino connection "model.nda_marketplace.delay_analysis"
[0m19:16:41.225088 [debug] [Thread-1 (]: Using trino connection "model.nda_marketplace.application_throughput"
[0m19:16:41.227082 [debug] [Thread-4 (]: On model.nda_marketplace.metricflow_time_spine: /* {"app": "dbt", "dbt_version": "1.12.4", "profile_name": "nda_marketplace", "target_name": "dev", "node_id": "model.nda_marketplace.metricflow_time_spine"} */

  
    

    create table "iceberg"."marketplace_marketplace"."metricflow_time_spine"
      
      
    as (
      
-- Day grain calendar for MetricFlow. Small and static; the only table the
-- marketplace writes, everything else is a view.
SELECT date_day
FROM UNNEST(SEQUENCE(DATE '2025-01-01', DATE '2030-12-31', INTERVAL '1' DAY)) AS t(date_day)
    )
[0m19:16:41.237744 [debug] [Thread-3 (]: Using trino connection "model.nda_marketplace.indicator_performance"
[0m19:16:41.239761 [debug] [Thread-2 (]: On model.nda_marketplace.delay_analysis: /* {"app": "dbt", "dbt_version": "1.12.4", "profile_name": "nda_marketplace", "target_name": "dev", "node_id": "model.nda_marketplace.delay_analysis"} */

  create or replace view
    "iceberg"."marketplace_marketplace"."delay_analysis"
  security definer
  as
    
-- Delay Analysis: Where elapsed time is lost, stage by stage. The equivalent of a downtime analysis: it separates handling time from queue time so you can see which stage is the bottleneck and how much of the delay is recoverable.
SELECT
    process_code                                        AS process,
    activity_type                                       AS workflow_stage,
    cohort_month                                        AS arrival_month,
    DATE(cohort_month || '-01')                         AS arrival_date,
    COUNT(*)                                            AS times_performed,
    ROUND(AVG(touch_days), 1)                           AS avg_working_days,
    ROUND(AVG(wait_days), 1)                            AS avg_waiting_days,
    ROUND(AVG(touch_days + wait_days), 1)               AS avg_elapsed_days,
    ROUND(100.0E0 * SUM(wait_days)
          / NULLIF(SUM(touch_days + wait_days), 0), 1)  AS pct_time_waiting,
    ROUND(100.0E0 * COUNT_IF(completed_at <= due_at)
          / NULLIF(COUNT_IF(completed_at IS NOT NULL), 0), 1) AS pct_stage_on_time
FROM iceberg.nda_gold.all_steps
GROUP BY 1, 2, 3, 4
  
[0m19:16:41.241755 [debug] [Thread-1 (]: On model.nda_marketplace.application_throughput: /* {"app": "dbt", "dbt_version": "1.12.4", "profile_name": "nda_marketplace", "target_name": "dev", "node_id": "model.nda_marketplace.application_throughput"} */

  create or replace view
    "iceberg"."marketplace_marketplace"."application_throughput"
  security definer
  as
    
-- Application Throughput: How much regulatory work arrived and was completed each quarter, by process. The marketplace equivalent of a production-output measure: volume in, volume out, and the gap between them that becomes backlog.
SELECT
    process_code                                        AS process,
    cohort_month                                        AS arrival_month,
    DATE(cohort_month || '-01')                         AS arrival_date,
    application_type                                    AS application_type,
    route                                               AS handling_route,
    COUNT(*)                                            AS applications_received,
    COUNT_IF(status = 'COMPLETED')                      AS applications_completed,
    COUNT_IF(status <> 'COMPLETED')                     AS applications_open,
    -- due_at is epoch milliseconds in the lake, so compare in the same units
    -- rather than casting every row to a timestamp.
    COUNT_IF(status <> 'COMPLETED'
             AND due_at < TO_UNIXTIME(CURRENT_TIMESTAMP) * 1000) AS applications_overdue
FROM iceberg.nda_gold.all_applications
GROUP BY 1, 2, 3, 4, 5
  
[0m19:16:41.246753 [debug] [Thread-4 (]: Opening a new connection, currently in state init
[0m19:16:41.248259 [debug] [Thread-3 (]: On model.nda_marketplace.indicator_performance: /* {"app": "dbt", "dbt_version": "1.12.4", "profile_name": "nda_marketplace", "target_name": "dev", "node_id": "model.nda_marketplace.indicator_performance"} */

  create or replace view
    "iceberg"."marketplace_marketplace"."indicator_performance"
  security definer
  as
    
-- Indicator Performance: Every published indicator against its agreed target, by quarter. This is the certified source for the KPI dashboard - if a number appears on a slide, it should come from here.
SELECT
    process_code                                        AS process,
    kpi_id                                              AS indicator,
    reporting_quarter                                   AS quarter,
    -- 'Q3 2026' -> 2026-07-01, so the semantic layer has a real date to bucket on.
    DATE(SUBSTR(reporting_quarter, 4, 4) || '-'
         || LPAD(CAST((CAST(SUBSTR(reporting_quarter, 2, 1) AS INTEGER) - 1) * 3 + 1 AS VARCHAR), 2, '0')
         || '-01')                                      AS quarter_start,
    value                                               AS indicator_value,
    target                                              AS indicator_target,
    baseline                                            AS indicator_baseline,
    numerator,
    denominator,
    CASE
        WHEN target IS NULL THEN 'No target'
        WHEN kpi_id LIKE 'avg\_%' ESCAPE '\'
          OR kpi_id LIKE 'median\_%' ESCAPE '\'
            THEN IF(value <= target, 'Met target', 'Below target')
        ELSE IF(value >= target, 'Met target', 'Below target')
    END                                                 AS target_status
FROM iceberg.nda_gold.kpi_quarterly
  
[0m19:16:41.250770 [debug] [Thread-2 (]: Opening a new connection, currently in state init
[0m19:16:41.253271 [debug] [Thread-1 (]: Opening a new connection, currently in state init
[0m19:16:41.260262 [debug] [Thread-3 (]: Opening a new connection, currently in state init
[0m19:16:43.723661 [debug] [Thread-1 (]: SQL status: CREATE VIEW in 2.470 seconds
[0m19:16:43.758834 [debug] [Thread-2 (]: SQL status: CREATE VIEW in 2.508 seconds
[0m19:16:43.773337 [debug] [Thread-1 (]: On model.nda_marketplace.application_throughput: ROLLBACK
[0m19:16:43.779834 [debug] [Thread-2 (]: On model.nda_marketplace.delay_analysis: ROLLBACK
[0m19:16:43.781338 [debug] [Thread-3 (]: SQL status: CREATE VIEW in 2.521 seconds
[0m19:16:43.782835 [debug] [Thread-1 (]: On model.nda_marketplace.application_throughput: Close
[0m19:16:43.784333 [debug] [Thread-2 (]: On model.nda_marketplace.delay_analysis: Close
[0m19:16:43.788872 [debug] [Thread-3 (]: On model.nda_marketplace.indicator_performance: ROLLBACK
[0m19:16:43.795301 [debug] [Thread-3 (]: On model.nda_marketplace.indicator_performance: Close
[0m19:16:43.796797 [debug] [Thread-1 (]: Sending event: {'category': 'dbt', 'action': 'run_model', 'label': '191a29b2-c386-409a-a7d1-912bb5704201', 'context': [<snowplow_tracker.self_describing_json.SelfDescribingJson object at 0x000001EDDB5C1C10>]}
[0m19:16:43.797801 [debug] [Thread-2 (]: Sending event: {'category': 'dbt', 'action': 'run_model', 'label': '191a29b2-c386-409a-a7d1-912bb5704201', 'context': [<snowplow_tracker.self_describing_json.SelfDescribingJson object at 0x000001EDDB01A2D0>]}
[0m19:16:43.799296 [debug] [Thread-3 (]: Sending event: {'category': 'dbt', 'action': 'run_model', 'label': '191a29b2-c386-409a-a7d1-912bb5704201', 'context': [<snowplow_tracker.self_describing_json.SelfDescribingJson object at 0x000001EDDB5C2890>]}
[0m19:16:43.800806 [info ] [Thread-1 (]: 1 of 6 OK created sql view model marketplace_marketplace.application_throughput  [[32mCREATE VIEW[0m in 2.79s]
[0m19:16:43.802800 [info ] [Thread-2 (]: 2 of 6 OK created sql view model marketplace_marketplace.delay_analysis ........ [[32mCREATE VIEW[0m in 2.79s]
[0m19:16:43.804795 [info ] [Thread-3 (]: 3 of 6 OK created sql view model marketplace_marketplace.indicator_performance . [[32mCREATE VIEW[0m in 2.79s]
[0m19:16:43.806795 [debug] [Thread-1 (]: Finished running node model.nda_marketplace.application_throughput
[0m19:16:43.809296 [debug] [Thread-2 (]: Finished running node model.nda_marketplace.delay_analysis
[0m19:16:43.811299 [debug] [Thread-3 (]: Finished running node model.nda_marketplace.indicator_performance
[0m19:16:43.813324 [debug] [Thread-1 (]: Began running node model.nda_marketplace.quality_metrics
[0m19:16:43.814855 [debug] [Thread-2 (]: Began running node model.nda_marketplace.turnaround_performance
[0m19:16:43.817422 [info ] [Thread-1 (]: 5 of 6 START sql view model marketplace_marketplace.quality_metrics ............ [RUN]
[0m19:16:43.819449 [info ] [Thread-2 (]: 6 of 6 START sql view model marketplace_marketplace.turnaround_performance ..... [RUN]
[0m19:16:43.821485 [debug] [Thread-1 (]: Re-using an available connection from the pool (formerly model.nda_marketplace.application_throughput, now model.nda_marketplace.quality_metrics)
[0m19:16:43.824027 [debug] [Thread-2 (]: Re-using an available connection from the pool (formerly model.nda_marketplace.delay_analysis, now model.nda_marketplace.turnaround_performance)
[0m19:16:43.825529 [debug] [Thread-1 (]: Began compiling node model.nda_marketplace.quality_metrics
[0m19:16:43.827042 [debug] [Thread-2 (]: Began compiling node model.nda_marketplace.turnaround_performance
[0m19:16:43.831615 [debug] [Thread-1 (]: Writing injected SQL for node "model.nda_marketplace.quality_metrics"
[0m19:16:43.836718 [debug] [Thread-2 (]: Writing injected SQL for node "model.nda_marketplace.turnaround_performance"
[0m19:16:43.839718 [debug] [Thread-1 (]: Began executing node model.nda_marketplace.quality_metrics
[0m19:16:43.841227 [debug] [Thread-2 (]: Began executing node model.nda_marketplace.turnaround_performance
[0m19:16:43.847281 [debug] [Thread-1 (]: Writing runtime sql for node "model.nda_marketplace.quality_metrics"
[0m19:16:43.851861 [debug] [Thread-2 (]: Writing runtime sql for node "model.nda_marketplace.turnaround_performance"
[0m19:16:43.868447 [debug] [Thread-1 (]: Using trino connection "model.nda_marketplace.quality_metrics"
[0m19:16:43.876547 [debug] [Thread-2 (]: Using trino connection "model.nda_marketplace.turnaround_performance"
[0m19:16:43.881577 [debug] [Thread-2 (]: On model.nda_marketplace.turnaround_performance: /* {"app": "dbt", "dbt_version": "1.12.4", "profile_name": "nda_marketplace", "target_name": "dev", "node_id": "model.nda_marketplace.turnaround_performance"} */

  create or replace view
    "iceberg"."marketplace_marketplace"."turnaround_performance"
  security definer
  as
    
-- Turnaround Performance: How long work takes end to end, and how much of that time is genuinely spent working versus waiting in a queue. The split is the point: queue time is usually the cheaper half to remove.
SELECT
    process_code                                        AS process,
    activity_type                                       AS activity,
    cohort_month                                        AS arrival_month,
    DATE(cohort_month || '-01')                         AS arrival_date,
    route                                               AS handling_route,
    COUNT(*)                                            AS completed_count,
    ROUND(AVG(DATE_DIFF('day',
        FROM_UNIXTIME(received_at / 1000),
        FROM_UNIXTIME(completed_at / 1000))), 1)        AS avg_turnaround_days,
    ROUND(APPROX_PERCENTILE(DATE_DIFF('day',
        FROM_UNIXTIME(received_at / 1000),
        FROM_UNIXTIME(completed_at / 1000)), 0.5), 1)   AS median_turnaround_days,
    ROUND(AVG(touch_days), 1)                           AS avg_working_days,
    ROUND(AVG(wait_days), 1)                            AS avg_waiting_days,
    ROUND(100.0E0 * COUNT_IF(completed_at <= due_at)
          / NULLIF(COUNT(*), 0), 1)                     AS pct_on_time
FROM iceberg.nda_gold.all_activities
WHERE completed_at IS NOT NULL AND status = 'COMPLETED'
GROUP BY 1, 2, 3, 4, 5
  
[0m19:16:43.877044 [debug] [Thread-1 (]: On model.nda_marketplace.quality_metrics: /* {"app": "dbt", "dbt_version": "1.12.4", "profile_name": "nda_marketplace", "target_name": "dev", "node_id": "model.nda_marketplace.quality_metrics"} */

  create or replace view
    "iceberg"."marketplace_marketplace"."quality_metrics"
  security definer
  as
    
-- Quality Metrics: Compliance outcomes from inspections and assessments: how many were found compliant, how many were not, and how that is trending. Restricted to analysts and above - compliance findings identify small cohorts of named facilities.
SELECT
    process_code                                        AS process,
    activity_type                                       AS activity,
    cohort_month                                        AS arrival_month,
    DATE(cohort_month || '-01')                         AS arrival_date,
    route                                               AS handling_route,
    COUNT(*)                                            AS assessments,
    COUNT_IF(outcome = 'COMPLIANT')                     AS compliant_count,
    COUNT_IF(outcome = 'NON_COMPLIANT')                 AS non_compliant_count,
    ROUND(100.0E0 * COUNT_IF(outcome = 'COMPLIANT')
          / NULLIF(COUNT_IF(outcome IN ('COMPLIANT', 'NON_COMPLIANT')), 0), 1) AS pct_compliant
FROM iceberg.nda_gold.all_activities
WHERE outcome IS NOT NULL
GROUP BY 1, 2, 3, 4, 5
  
[0m19:16:43.893602 [debug] [Thread-2 (]: Opening a new connection, currently in state closed
[0m19:16:43.895602 [debug] [Thread-1 (]: Opening a new connection, currently in state closed
[0m19:16:45.592397 [debug] [Thread-4 (]: SQL status: CREATE TABLE (2_191 rows) in 4.346 seconds
[0m19:16:45.597409 [debug] [Thread-4 (]: On model.nda_marketplace.metricflow_time_spine: ROLLBACK
[0m19:16:45.598210 [debug] [Thread-4 (]: On model.nda_marketplace.metricflow_time_spine: Close
[0m19:16:45.600219 [debug] [Thread-4 (]: Sending event: {'category': 'dbt', 'action': 'run_model', 'label': '191a29b2-c386-409a-a7d1-912bb5704201', 'context': [<snowplow_tracker.self_describing_json.SelfDescribingJson object at 0x000001EDDB5C2490>]}
[0m19:16:45.601729 [info ] [Thread-4 (]: 4 of 6 OK created sql table model marketplace_marketplace.metricflow_time_spine  [[32mCREATE TABLE (2_191 rows)[0m in 4.59s]
[0m19:16:45.603227 [debug] [Thread-4 (]: Finished running node model.nda_marketplace.metricflow_time_spine
[0m19:16:46.169786 [debug] [Thread-1 (]: SQL status: CREATE VIEW in 2.275 seconds
[0m19:16:46.174785 [debug] [Thread-1 (]: On model.nda_marketplace.quality_metrics: ROLLBACK
[0m19:16:46.176286 [debug] [Thread-1 (]: On model.nda_marketplace.quality_metrics: Close
[0m19:16:46.177783 [debug] [Thread-1 (]: Sending event: {'category': 'dbt', 'action': 'run_model', 'label': '191a29b2-c386-409a-a7d1-912bb5704201', 'context': [<snowplow_tracker.self_describing_json.SelfDescribingJson object at 0x000001EDDABACDD0>]}
[0m19:16:46.180284 [info ] [Thread-1 (]: 5 of 6 OK created sql view model marketplace_marketplace.quality_metrics ....... [[32mCREATE VIEW[0m in 2.36s]
[0m19:16:46.182174 [debug] [Thread-1 (]: Finished running node model.nda_marketplace.quality_metrics
[0m19:16:46.184814 [debug] [Thread-2 (]: SQL status: CREATE VIEW in 2.291 seconds
[0m19:16:46.189306 [debug] [Thread-2 (]: On model.nda_marketplace.turnaround_performance: ROLLBACK
[0m19:16:46.190320 [debug] [Thread-2 (]: On model.nda_marketplace.turnaround_performance: Close
[0m19:16:46.192811 [debug] [Thread-2 (]: Sending event: {'category': 'dbt', 'action': 'run_model', 'label': '191a29b2-c386-409a-a7d1-912bb5704201', 'context': [<snowplow_tracker.self_describing_json.SelfDescribingJson object at 0x000001EDDB578210>]}
[0m19:16:46.194312 [info ] [Thread-2 (]: 6 of 6 OK created sql view model marketplace_marketplace.turnaround_performance  [[32mCREATE VIEW[0m in 2.37s]
[0m19:16:46.196813 [debug] [Thread-2 (]: Finished running node model.nda_marketplace.turnaround_performance
[0m19:16:46.200826 [debug] [MainThread]: On master: COMMIT
[0m19:16:46.202325 [debug] [MainThread]: Connection 'master' was properly closed.
[0m19:16:46.203325 [debug] [MainThread]: Connection 'create_iceberg_marketplace_marketplace' was properly closed.
[0m19:16:46.204325 [debug] [MainThread]: Connection 'list_iceberg_marketplace_marketplace' was properly closed.
[0m19:16:46.205338 [debug] [MainThread]: Connection 'model.nda_marketplace.quality_metrics' was properly closed.
[0m19:16:46.205837 [debug] [MainThread]: Connection 'model.nda_marketplace.turnaround_performance' was properly closed.
[0m19:16:46.206835 [debug] [MainThread]: Connection 'model.nda_marketplace.indicator_performance' was properly closed.
[0m19:16:46.207837 [debug] [MainThread]: Connection 'model.nda_marketplace.metricflow_time_spine' was properly closed.
[0m19:16:46.208847 [info ] [MainThread]: 
[0m19:16:46.209859 [info ] [MainThread]: Finished running 1 table model, 5 view models in 0 hours 0 minutes and 12.79 seconds (12.79s).
[0m19:16:46.212376 [debug] [MainThread]: Command end result
[0m19:16:46.278369 [debug] [MainThread]: Wrote artifact WritableManifest to marketplace\dbt\target\manifest.json
[0m19:16:46.292667 [debug] [MainThread]: Wrote artifact SemanticManifest to marketplace\dbt\target\semantic_manifest.json
[0m19:16:46.316375 [debug] [MainThread]: Wrote artifact OsiDocument to marketplace\dbt\target\osi_document.json
[0m19:16:46.325900 [debug] [MainThread]: Wrote artifact RunExecutionResult to marketplace\dbt\target\run_results.json
[0m19:16:46.326907 [info ] [MainThread]: 
[0m19:16:46.328410 [info ] [MainThread]: [32mCompleted successfully[0m
[0m19:16:46.329411 [info ] [MainThread]: 
[0m19:16:46.330407 [info ] [MainThread]: Done. PASS=6 WARN=0 ERROR=0 SKIP=0 NO-OP=0 REUSED=0 TOTAL=6
[0m19:16:46.332911 [debug] [MainThread]: Command `python -m dbt.cli.main build` succeeded at 19:16:46.332911 after 14.99 seconds
[0m19:16:46.334409 [debug] [MainThread]: Sending event: {'category': 'dbt', 'action': 'invocation', 'label': 'end', 'context': [<snowplow_tracker.self_describing_json.SelfDescribingJson object at 0x000001EDDA81D5D0>, <snowplow_tracker.self_describing_json.SelfDescribingJson object at 0x000001EDD9039ED0>, <snowplow_tracker.self_describing_json.SelfDescribingJson object at 0x000001EDD903A190>]}
[0m19:16:46.335409 [debug] [MainThread]: Flushing usage events
[0m19:16:48.740305 [debug] [MainThread]: An error was encountered while trying to flush usage events
[0m19:17:13.522331 [debug] [MainThread]: Sending event: {'category': 'dbt', 'action': 'invocation', 'label': 'start', 'context': [<snowplow_tracker.self_describing_json.SelfDescribingJson object at 0x0000023499D223D0>, <snowplow_tracker.self_describing_json.SelfDescribingJson object at 0x0000023499D226D0>, <snowplow_tracker.self_describing_json.SelfDescribingJson object at 0x0000023499D218D0>]}


============================== 19:17:13.528327 | 1916a84d-0aab-400d-8a3d-36e964ba99e0 ==============================
[0m19:17:13.528327 [info ] [MainThread]: Running with dbt=1.12.4
[0m19:17:13.529329 [debug] [MainThread]: running dbt with arguments {'version_check': 'True', 'no_print': 'None', 'static_parser': 'True', 'warn_error_options': 'WarnErrorOptionsV2(error=[], warn=[], silence=[])', 'maximum_seed_size_mib': '1', 'target_path': 'None', 'printer_width': '80', 'write_json': 'True', 'empty': 'False', 'log_cache_events': 'False', 'introspect': 'True', 'cache_selected_only': 'False', 'log_format': 'default', 'debug': 'False', 'fail_fast': 'False', 'profiles_dir': 'C:/Users/alber/OneDrive/Data Engineering/Projects/kpi-nodejs/kpi-dashboard-orig/kpi-dashboard/marketplace/dbt', 'send_anonymous_usage_stats': 'True', 'quiet': 'False', 'warn_error': 'None', 'partial_parse': 'True', 'invocation_command': 'dbt build --project-dir marketplace/dbt', 'hints_enabled': 'True', 'use_colors': 'True', 'use_experimental_parser': 'False', 'indirect_selection': 'eager', 'log_path': 'marketplace\\dbt\\logs'}
[0m19:17:13.969603 [debug] [MainThread]: Sending event: {'category': 'dbt', 'action': 'project_id', 'label': '1916a84d-0aab-400d-8a3d-36e964ba99e0', 'context': [<snowplow_tracker.self_describing_json.SelfDescribingJson object at 0x0000023499D2D190>]}
[0m19:17:14.085706 [debug] [MainThread]: Sending event: {'category': 'dbt', 'action': 'adapter_info', 'label': '1916a84d-0aab-400d-8a3d-36e964ba99e0', 'context': [<snowplow_tracker.self_describing_json.SelfDescribingJson object at 0x000002349538AC50>]}
[0m19:17:14.087712 [info ] [MainThread]: Registered adapter: trino=1.8.3
[0m19:17:14.686809 [debug] [MainThread]: checksum: b928a7eedccae93fc000670c8a66fea42035ae928e6eb84a6bb03385efa0dc05, vars: {}, profile: nda_marketplace, target: dev, version: 1.12.4
[0m19:17:14.915472 [debug] [MainThread]: Partial parsing enabled: 0 files deleted, 1 files added, 0 files changed.
[0m19:17:14.916472 [debug] [MainThread]: Partial parsing: added file: nda_marketplace://macros\generate_schema_name.sql
[0m19:17:14.919972 [info ] [MainThread]: Unable to do partial parsing because change detected to override macro. Starting full parse.
[0m19:17:17.068490 [debug] [MainThread]: Sending event: {'category': 'dbt', 'action': 'load_project', 'label': '1916a84d-0aab-400d-8a3d-36e964ba99e0', 'context': [<snowplow_tracker.self_describing_json.SelfDescribingJson object at 0x000002349A647910>]}
[0m19:17:17.221236 [debug] [MainThread]: Wrote artifact WritableManifest to marketplace\dbt\target\manifest.json
[0m19:17:17.234250 [debug] [MainThread]: Wrote artifact SemanticManifest to marketplace\dbt\target\semantic_manifest.json
[0m19:17:17.290286 [debug] [MainThread]: Wrote artifact OsiDocument to marketplace\dbt\target\osi_document.json
[0m19:17:17.339933 [debug] [MainThread]: Sending event: {'category': 'dbt', 'action': 'resource_counts', 'label': '1916a84d-0aab-400d-8a3d-36e964ba99e0', 'context': [<snowplow_tracker.self_describing_json.SelfDescribingJson object at 0x0000023499EA8950>]}
[0m19:17:17.341437 [info ] [MainThread]: Found 6 models, 19 metrics, 496 macros, 5 semantic models
[0m19:17:17.347959 [info ] [MainThread]: 
[0m19:17:17.349456 [info ] [MainThread]: Concurrency: 4 threads (target='dev')
[0m19:17:17.350455 [info ] [MainThread]: 
[0m19:17:17.351955 [debug] [MainThread]: Acquiring new trino connection 'master'
[0m19:17:17.371990 [debug] [ThreadPool]: Acquiring new trino connection 'list_iceberg'
[0m19:17:17.565084 [debug] [ThreadPool]: Using trino connection "list_iceberg"
[0m19:17:17.566584 [debug] [ThreadPool]: On list_iceberg: /* {"app": "dbt", "dbt_version": "1.12.4", "profile_name": "nda_marketplace", "target_name": "dev", "connection_name": "list_iceberg"} */

    select schema_name
    from "iceberg".INFORMATION_SCHEMA.schemata
[0m19:17:17.567585 [debug] [ThreadPool]: Opening a new connection, currently in state init
[0m19:17:19.689941 [debug] [ThreadPool]: SQL status: SUCCESS in 2.123 seconds
[0m19:17:19.691936 [debug] [ThreadPool]: On list_iceberg: Close
[0m19:17:19.694955 [debug] [ThreadPool]: Acquiring new trino connection 'list_iceberg_marketplace'
[0m19:17:19.714004 [debug] [ThreadPool]: Using trino connection "list_iceberg_marketplace"
[0m19:17:19.716005 [debug] [ThreadPool]: On list_iceberg_marketplace: /* {"app": "dbt", "dbt_version": "1.12.4", "profile_name": "nda_marketplace", "target_name": "dev", "connection_name": "list_iceberg_marketplace"} */
select
      t.table_catalog as database,
      t.table_name as name,
      t.table_schema as schema,
      case when mv.name is not null then 'materialized_view'
           when t.table_type = 'BASE TABLE' then 'table'
           when t.table_type = 'VIEW' then 'view'
           else t.table_type
      end as table_type
    from "iceberg".INFORMATION_SCHEMA.tables t
    left join (
            select * from system.metadata.materialized_views
            where catalog_name = 'iceberg'
              and schema_name = 'marketplace') mv
          on mv.catalog_name = t.table_catalog and mv.schema_name = t.table_schema and mv.name = t.table_name
    where t.table_schema = 'marketplace'
[0m19:17:19.716505 [debug] [ThreadPool]: Opening a new connection, currently in state init
[0m19:17:21.965209 [debug] [ThreadPool]: SQL status: SUCCESS in 2.248 seconds
[0m19:17:21.967707 [debug] [ThreadPool]: On list_iceberg_marketplace: ROLLBACK
[0m19:17:21.969207 [debug] [ThreadPool]: On list_iceberg_marketplace: Close
[0m19:17:21.972708 [debug] [MainThread]: Sending event: {'category': 'dbt', 'action': 'runnable_timing', 'label': '1916a84d-0aab-400d-8a3d-36e964ba99e0', 'context': [<snowplow_tracker.self_describing_json.SelfDescribingJson object at 0x000002349A59F0D0>]}
[0m19:17:21.974209 [debug] [MainThread]: On master: COMMIT
[0m19:17:21.982702 [debug] [Thread-1 (]: Began running node model.nda_marketplace.application_throughput
[0m19:17:21.983711 [debug] [Thread-2 (]: Began running node model.nda_marketplace.delay_analysis
[0m19:17:21.984722 [debug] [Thread-3 (]: Began running node model.nda_marketplace.indicator_performance
[0m19:17:21.985753 [debug] [Thread-4 (]: Began running node model.nda_marketplace.metricflow_time_spine
[0m19:17:21.987261 [info ] [Thread-1 (]: 1 of 6 START sql view model marketplace.application_throughput ................. [RUN]
[0m19:17:21.988262 [info ] [Thread-2 (]: 2 of 6 START sql view model marketplace.delay_analysis ......................... [RUN]
[0m19:17:21.989265 [info ] [Thread-3 (]: 3 of 6 START sql view model marketplace.indicator_performance .................. [RUN]
[0m19:17:21.990769 [info ] [Thread-4 (]: 4 of 6 START sql table model marketplace.metricflow_time_spine ................. [RUN]
[0m19:17:21.991765 [debug] [Thread-1 (]: Acquiring new trino connection 'model.nda_marketplace.application_throughput'
[0m19:17:21.993259 [debug] [Thread-2 (]: Acquiring new trino connection 'model.nda_marketplace.delay_analysis'
[0m19:17:21.994766 [debug] [Thread-3 (]: Acquiring new trino connection 'model.nda_marketplace.indicator_performance'
[0m19:17:21.996265 [debug] [Thread-4 (]: Acquiring new trino connection 'model.nda_marketplace.metricflow_time_spine'
[0m19:17:21.997761 [debug] [Thread-1 (]: Began compiling node model.nda_marketplace.application_throughput
[0m19:17:21.998764 [debug] [Thread-2 (]: Began compiling node model.nda_marketplace.delay_analysis
[0m19:17:21.999764 [debug] [Thread-3 (]: Began compiling node model.nda_marketplace.indicator_performance
[0m19:17:22.000765 [debug] [Thread-4 (]: Began compiling node model.nda_marketplace.metricflow_time_spine
[0m19:17:22.005263 [debug] [Thread-1 (]: Writing injected SQL for node "model.nda_marketplace.application_throughput"
[0m19:17:22.009270 [debug] [Thread-2 (]: Writing injected SQL for node "model.nda_marketplace.delay_analysis"
[0m19:17:22.013766 [debug] [Thread-3 (]: Writing injected SQL for node "model.nda_marketplace.indicator_performance"
[0m19:17:22.017796 [debug] [Thread-4 (]: Writing injected SQL for node "model.nda_marketplace.metricflow_time_spine"
[0m19:17:22.021286 [debug] [Thread-1 (]: Began executing node model.nda_marketplace.application_throughput
[0m19:17:22.022788 [debug] [Thread-2 (]: Began executing node model.nda_marketplace.delay_analysis
[0m19:17:22.034447 [debug] [Thread-3 (]: Began executing node model.nda_marketplace.indicator_performance
[0m19:17:22.051943 [debug] [Thread-4 (]: Began executing node model.nda_marketplace.metricflow_time_spine
[0m19:17:22.057757 [debug] [Thread-1 (]: Writing runtime sql for node "model.nda_marketplace.application_throughput"
[0m19:17:22.059805 [debug] [Thread-2 (]: Writing runtime sql for node "model.nda_marketplace.delay_analysis"
[0m19:17:22.063877 [debug] [Thread-3 (]: Writing runtime sql for node "model.nda_marketplace.indicator_performance"
[0m19:17:22.122627 [debug] [Thread-4 (]: Writing runtime sql for node "model.nda_marketplace.metricflow_time_spine"
[0m19:17:22.127807 [debug] [Thread-1 (]: Using trino connection "model.nda_marketplace.application_throughput"
[0m19:17:22.135023 [debug] [Thread-2 (]: Using trino connection "model.nda_marketplace.delay_analysis"
[0m19:17:22.136076 [debug] [Thread-1 (]: On model.nda_marketplace.application_throughput: /* {"app": "dbt", "dbt_version": "1.12.4", "profile_name": "nda_marketplace", "target_name": "dev", "node_id": "model.nda_marketplace.application_throughput"} */

  create or replace view
    "iceberg"."marketplace"."application_throughput"
  security definer
  as
    
-- Application Throughput: How much regulatory work arrived and was completed each quarter, by process. The marketplace equivalent of a production-output measure: volume in, volume out, and the gap between them that becomes backlog.
SELECT
    process_code                                        AS process,
    cohort_month                                        AS arrival_month,
    DATE(cohort_month || '-01')                         AS arrival_date,
    application_type                                    AS application_type,
    route                                               AS handling_route,
    COUNT(*)                                            AS applications_received,
    COUNT_IF(status = 'COMPLETED')                      AS applications_completed,
    COUNT_IF(status <> 'COMPLETED')                     AS applications_open,
    -- due_at is epoch milliseconds in the lake, so compare in the same units
    -- rather than casting every row to a timestamp.
    COUNT_IF(status <> 'COMPLETED'
             AND due_at < TO_UNIXTIME(CURRENT_TIMESTAMP) * 1000) AS applications_overdue
FROM iceberg.nda_gold.all_applications
GROUP BY 1, 2, 3, 4, 5
  
[0m19:17:22.143241 [debug] [Thread-4 (]: Using trino connection "model.nda_marketplace.metricflow_time_spine"
[0m19:17:22.144274 [debug] [Thread-3 (]: Using trino connection "model.nda_marketplace.indicator_performance"
[0m19:17:22.144274 [debug] [Thread-2 (]: On model.nda_marketplace.delay_analysis: /* {"app": "dbt", "dbt_version": "1.12.4", "profile_name": "nda_marketplace", "target_name": "dev", "node_id": "model.nda_marketplace.delay_analysis"} */

  create or replace view
    "iceberg"."marketplace"."delay_analysis"
  security definer
  as
    
-- Delay Analysis: Where elapsed time is lost, stage by stage. The equivalent of a downtime analysis: it separates handling time from queue time so you can see which stage is the bottleneck and how much of the delay is recoverable.
SELECT
    process_code                                        AS process,
    activity_type                                       AS workflow_stage,
    cohort_month                                        AS arrival_month,
    DATE(cohort_month || '-01')                         AS arrival_date,
    COUNT(*)                                            AS times_performed,
    ROUND(AVG(touch_days), 1)                           AS avg_working_days,
    ROUND(AVG(wait_days), 1)                            AS avg_waiting_days,
    ROUND(AVG(touch_days + wait_days), 1)               AS avg_elapsed_days,
    ROUND(100.0E0 * SUM(wait_days)
          / NULLIF(SUM(touch_days + wait_days), 0), 1)  AS pct_time_waiting,
    ROUND(100.0E0 * COUNT_IF(completed_at <= due_at)
          / NULLIF(COUNT_IF(completed_at IS NOT NULL), 0), 1) AS pct_stage_on_time
FROM iceberg.nda_gold.all_steps
GROUP BY 1, 2, 3, 4
  
[0m19:17:22.146361 [debug] [Thread-1 (]: Opening a new connection, currently in state init
[0m19:17:22.147391 [debug] [Thread-4 (]: On model.nda_marketplace.metricflow_time_spine: /* {"app": "dbt", "dbt_version": "1.12.4", "profile_name": "nda_marketplace", "target_name": "dev", "node_id": "model.nda_marketplace.metricflow_time_spine"} */

  
    

    create table "iceberg"."marketplace"."metricflow_time_spine"
      
      
    as (
      
-- Day grain calendar for MetricFlow. Small and static; the only table the
-- marketplace writes, everything else is a view.
SELECT date_day
FROM UNNEST(SEQUENCE(DATE '2025-01-01', DATE '2030-12-31', INTERVAL '1' DAY)) AS t(date_day)
    )
[0m19:17:22.148418 [debug] [Thread-3 (]: On model.nda_marketplace.indicator_performance: /* {"app": "dbt", "dbt_version": "1.12.4", "profile_name": "nda_marketplace", "target_name": "dev", "node_id": "model.nda_marketplace.indicator_performance"} */

  create or replace view
    "iceberg"."marketplace"."indicator_performance"
  security definer
  as
    
-- Indicator Performance: Every published indicator against its agreed target, by quarter. This is the certified source for the KPI dashboard - if a number appears on a slide, it should come from here.
SELECT
    process_code                                        AS process,
    kpi_id                                              AS indicator,
    reporting_quarter                                   AS quarter,
    -- 'Q3 2026' -> 2026-07-01, so the semantic layer has a real date to bucket on.
    DATE(SUBSTR(reporting_quarter, 4, 4) || '-'
         || LPAD(CAST((CAST(SUBSTR(reporting_quarter, 2, 1) AS INTEGER) - 1) * 3 + 1 AS VARCHAR), 2, '0')
         || '-01')                                      AS quarter_start,
    value                                               AS indicator_value,
    target                                              AS indicator_target,
    baseline                                            AS indicator_baseline,
    numerator,
    denominator,
    CASE
        WHEN target IS NULL THEN 'No target'
        WHEN kpi_id LIKE 'avg\_%' ESCAPE '\'
          OR kpi_id LIKE 'median\_%' ESCAPE '\'
            THEN IF(value <= target, 'Met target', 'Below target')
        ELSE IF(value >= target, 'Met target', 'Below target')
    END                                                 AS target_status
FROM iceberg.nda_gold.kpi_quarterly
  
[0m19:17:22.149459 [debug] [Thread-2 (]: Opening a new connection, currently in state init
[0m19:17:22.155673 [debug] [Thread-4 (]: Opening a new connection, currently in state init
[0m19:17:22.156678 [debug] [Thread-3 (]: Opening a new connection, currently in state init
[0m19:17:24.485444 [debug] [Thread-1 (]: SQL status: CREATE VIEW in 2.339 seconds
[0m19:17:24.519615 [debug] [Thread-2 (]: SQL status: CREATE VIEW in 2.369 seconds
[0m19:17:24.526809 [debug] [Thread-1 (]: On model.nda_marketplace.application_throughput: ROLLBACK
[0m19:17:24.530406 [debug] [Thread-2 (]: On model.nda_marketplace.delay_analysis: ROLLBACK
[0m19:17:24.533006 [debug] [Thread-1 (]: On model.nda_marketplace.application_throughput: Close
[0m19:17:24.533507 [debug] [Thread-2 (]: On model.nda_marketplace.delay_analysis: Close
[0m19:17:24.542582 [debug] [Thread-3 (]: SQL status: CREATE VIEW in 2.386 seconds
[0m19:17:24.544081 [debug] [Thread-1 (]: Sending event: {'category': 'dbt', 'action': 'run_model', 'label': '1916a84d-0aab-400d-8a3d-36e964ba99e0', 'context': [<snowplow_tracker.self_describing_json.SelfDescribingJson object at 0x000002349BD70F10>]}
[0m19:17:24.546085 [debug] [Thread-2 (]: Sending event: {'category': 'dbt', 'action': 'run_model', 'label': '1916a84d-0aab-400d-8a3d-36e964ba99e0', 'context': [<snowplow_tracker.self_describing_json.SelfDescribingJson object at 0x000002349BC9D9D0>]}
[0m19:17:24.550090 [debug] [Thread-3 (]: On model.nda_marketplace.indicator_performance: ROLLBACK
[0m19:17:24.552584 [info ] [Thread-1 (]: 1 of 6 OK created sql view model marketplace.application_throughput ............ [[32mCREATE VIEW[0m in 2.54s]
[0m19:17:24.555084 [info ] [Thread-2 (]: 2 of 6 OK created sql view model marketplace.delay_analysis .................... [[32mCREATE VIEW[0m in 2.55s]
[0m19:17:24.556580 [debug] [Thread-3 (]: On model.nda_marketplace.indicator_performance: Close
[0m19:17:24.558581 [debug] [Thread-1 (]: Finished running node model.nda_marketplace.application_throughput
[0m19:17:24.560118 [debug] [Thread-2 (]: Finished running node model.nda_marketplace.delay_analysis
[0m19:17:24.562167 [debug] [Thread-3 (]: Sending event: {'category': 'dbt', 'action': 'run_model', 'label': '1916a84d-0aab-400d-8a3d-36e964ba99e0', 'context': [<snowplow_tracker.self_describing_json.SelfDescribingJson object at 0x0000023499E684D0>]}
[0m19:17:24.563979 [debug] [Thread-1 (]: Began running node model.nda_marketplace.quality_metrics
[0m19:17:24.565481 [debug] [Thread-2 (]: Began running node model.nda_marketplace.turnaround_performance
[0m19:17:24.566983 [info ] [Thread-3 (]: 3 of 6 OK created sql view model marketplace.indicator_performance ............. [[32mCREATE VIEW[0m in 2.57s]
[0m19:17:24.569480 [info ] [Thread-1 (]: 5 of 6 START sql view model marketplace.quality_metrics ........................ [RUN]
[0m19:17:24.570979 [info ] [Thread-2 (]: 6 of 6 START sql view model marketplace.turnaround_performance ................. [RUN]
[0m19:17:24.572976 [debug] [Thread-3 (]: Finished running node model.nda_marketplace.indicator_performance
[0m19:17:24.574484 [debug] [Thread-1 (]: Re-using an available connection from the pool (formerly model.nda_marketplace.application_throughput, now model.nda_marketplace.quality_metrics)
[0m19:17:24.575774 [debug] [Thread-2 (]: Re-using an available connection from the pool (formerly model.nda_marketplace.delay_analysis, now model.nda_marketplace.turnaround_performance)
[0m19:17:24.577890 [debug] [Thread-1 (]: Began compiling node model.nda_marketplace.quality_metrics
[0m19:17:24.578943 [debug] [Thread-2 (]: Began compiling node model.nda_marketplace.turnaround_performance
[0m19:17:24.582013 [debug] [Thread-1 (]: Writing injected SQL for node "model.nda_marketplace.quality_metrics"
[0m19:17:24.586235 [debug] [Thread-2 (]: Writing injected SQL for node "model.nda_marketplace.turnaround_performance"
[0m19:17:24.588329 [debug] [Thread-1 (]: Began executing node model.nda_marketplace.quality_metrics
[0m19:17:24.592812 [debug] [Thread-1 (]: Writing runtime sql for node "model.nda_marketplace.quality_metrics"
[0m19:17:24.593842 [debug] [Thread-2 (]: Began executing node model.nda_marketplace.turnaround_performance
[0m19:17:24.598994 [debug] [Thread-2 (]: Writing runtime sql for node "model.nda_marketplace.turnaround_performance"
[0m19:17:24.605155 [debug] [Thread-1 (]: Using trino connection "model.nda_marketplace.quality_metrics"
[0m19:17:24.607223 [debug] [Thread-1 (]: On model.nda_marketplace.quality_metrics: /* {"app": "dbt", "dbt_version": "1.12.4", "profile_name": "nda_marketplace", "target_name": "dev", "node_id": "model.nda_marketplace.quality_metrics"} */

  create or replace view
    "iceberg"."marketplace"."quality_metrics"
  security definer
  as
    
-- Quality Metrics: Compliance outcomes from inspections and assessments: how many were found compliant, how many were not, and how that is trending. Restricted to analysts and above - compliance findings identify small cohorts of named facilities.
SELECT
    process_code                                        AS process,
    activity_type                                       AS activity,
    cohort_month                                        AS arrival_month,
    DATE(cohort_month || '-01')                         AS arrival_date,
    route                                               AS handling_route,
    COUNT(*)                                            AS assessments,
    COUNT_IF(outcome = 'COMPLIANT')                     AS compliant_count,
    COUNT_IF(outcome = 'NON_COMPLIANT')                 AS non_compliant_count,
    ROUND(100.0E0 * COUNT_IF(outcome = 'COMPLIANT')
          / NULLIF(COUNT_IF(outcome IN ('COMPLIANT', 'NON_COMPLIANT')), 0), 1) AS pct_compliant
FROM iceberg.nda_gold.all_activities
WHERE outcome IS NOT NULL
GROUP BY 1, 2, 3, 4, 5
  
[0m19:17:24.608264 [debug] [Thread-1 (]: Opening a new connection, currently in state closed
[0m19:17:24.614880 [debug] [Thread-2 (]: Using trino connection "model.nda_marketplace.turnaround_performance"
[0m19:17:24.617973 [debug] [Thread-2 (]: On model.nda_marketplace.turnaround_performance: /* {"app": "dbt", "dbt_version": "1.12.4", "profile_name": "nda_marketplace", "target_name": "dev", "node_id": "model.nda_marketplace.turnaround_performance"} */

  create or replace view
    "iceberg"."marketplace"."turnaround_performance"
  security definer
  as
    
-- Turnaround Performance: How long work takes end to end, and how much of that time is genuinely spent working versus waiting in a queue. The split is the point: queue time is usually the cheaper half to remove.
SELECT
    process_code                                        AS process,
    activity_type                                       AS activity,
    cohort_month                                        AS arrival_month,
    DATE(cohort_month || '-01')                         AS arrival_date,
    route                                               AS handling_route,
    COUNT(*)                                            AS completed_count,
    ROUND(AVG(DATE_DIFF('day',
        FROM_UNIXTIME(received_at / 1000),
        FROM_UNIXTIME(completed_at / 1000))), 1)        AS avg_turnaround_days,
    ROUND(APPROX_PERCENTILE(DATE_DIFF('day',
        FROM_UNIXTIME(received_at / 1000),
        FROM_UNIXTIME(completed_at / 1000)), 0.5), 1)   AS median_turnaround_days,
    ROUND(AVG(touch_days), 1)                           AS avg_working_days,
    ROUND(AVG(wait_days), 1)                            AS avg_waiting_days,
    ROUND(100.0E0 * COUNT_IF(completed_at <= due_at)
          / NULLIF(COUNT(*), 0), 1)                     AS pct_on_time
FROM iceberg.nda_gold.all_activities
WHERE completed_at IS NOT NULL AND status = 'COMPLETED'
GROUP BY 1, 2, 3, 4, 5
  
[0m19:17:24.619008 [debug] [Thread-2 (]: Opening a new connection, currently in state closed
[0m19:17:24.685766 [debug] [Thread-4 (]: SQL status: CREATE TABLE (2_191 rows) in 2.530 seconds
[0m19:17:24.689264 [debug] [Thread-4 (]: On model.nda_marketplace.metricflow_time_spine: ROLLBACK
[0m19:17:24.690272 [debug] [Thread-4 (]: On model.nda_marketplace.metricflow_time_spine: Close
[0m19:17:24.692121 [debug] [Thread-4 (]: Sending event: {'category': 'dbt', 'action': 'run_model', 'label': '1916a84d-0aab-400d-8a3d-36e964ba99e0', 'context': [<snowplow_tracker.self_describing_json.SelfDescribingJson object at 0x000002349BDC6910>]}
[0m19:17:24.693630 [info ] [Thread-4 (]: 4 of 6 OK created sql table model marketplace.metricflow_time_spine ............ [[32mCREATE TABLE (2_191 rows)[0m in 2.70s]
[0m19:17:24.694629 [debug] [Thread-4 (]: Finished running node model.nda_marketplace.metricflow_time_spine
[0m19:17:26.842353 [debug] [Thread-2 (]: SQL status: CREATE VIEW in 2.223 seconds
[0m19:17:26.843353 [debug] [Thread-1 (]: SQL status: CREATE VIEW in 2.235 seconds
[0m19:17:26.846352 [debug] [Thread-2 (]: On model.nda_marketplace.turnaround_performance: ROLLBACK
[0m19:17:26.849851 [debug] [Thread-1 (]: On model.nda_marketplace.quality_metrics: ROLLBACK
[0m19:17:26.850852 [debug] [Thread-2 (]: On model.nda_marketplace.turnaround_performance: Close
[0m19:17:26.851853 [debug] [Thread-1 (]: On model.nda_marketplace.quality_metrics: Close
[0m19:17:26.852864 [debug] [Thread-2 (]: Sending event: {'category': 'dbt', 'action': 'run_model', 'label': '1916a84d-0aab-400d-8a3d-36e964ba99e0', 'context': [<snowplow_tracker.self_describing_json.SelfDescribingJson object at 0x000002349BDC6B10>]}
[0m19:17:26.855391 [debug] [Thread-1 (]: Sending event: {'category': 'dbt', 'action': 'run_model', 'label': '1916a84d-0aab-400d-8a3d-36e964ba99e0', 'context': [<snowplow_tracker.self_describing_json.SelfDescribingJson object at 0x000002349BD79610>]}
[0m19:17:26.857387 [info ] [Thread-2 (]: 6 of 6 OK created sql view model marketplace.turnaround_performance ............ [[32mCREATE VIEW[0m in 2.28s]
[0m19:17:26.858889 [info ] [Thread-1 (]: 5 of 6 OK created sql view model marketplace.quality_metrics ................... [[32mCREATE VIEW[0m in 2.28s]
[0m19:17:26.860387 [debug] [Thread-2 (]: Finished running node model.nda_marketplace.turnaround_performance
[0m19:17:26.861888 [debug] [Thread-1 (]: Finished running node model.nda_marketplace.quality_metrics
[0m19:17:26.864388 [debug] [MainThread]: On master: COMMIT
[0m19:17:26.865888 [debug] [MainThread]: Connection 'master' was properly closed.
[0m19:17:26.866387 [debug] [MainThread]: Connection 'list_iceberg' was properly closed.
[0m19:17:26.867387 [debug] [MainThread]: Connection 'list_iceberg_marketplace' was properly closed.
[0m19:17:26.867891 [debug] [MainThread]: Connection 'model.nda_marketplace.quality_metrics' was properly closed.
[0m19:17:26.868901 [debug] [MainThread]: Connection 'model.nda_marketplace.turnaround_performance' was properly closed.
[0m19:17:26.869901 [debug] [MainThread]: Connection 'model.nda_marketplace.indicator_performance' was properly closed.
[0m19:17:26.870402 [debug] [MainThread]: Connection 'model.nda_marketplace.metricflow_time_spine' was properly closed.
[0m19:17:26.870901 [info ] [MainThread]: 
[0m19:17:26.872425 [info ] [MainThread]: Finished running 1 table model, 5 view models in 0 hours 0 minutes and 9.52 seconds (9.52s).
[0m19:17:26.874922 [debug] [MainThread]: Command end result
[0m19:17:26.935456 [debug] [MainThread]: Wrote artifact WritableManifest to marketplace\dbt\target\manifest.json
[0m19:17:26.948954 [debug] [MainThread]: Wrote artifact SemanticManifest to marketplace\dbt\target\semantic_manifest.json
[0m19:17:26.968522 [debug] [MainThread]: Wrote artifact OsiDocument to marketplace\dbt\target\osi_document.json
[0m19:17:26.978531 [debug] [MainThread]: Wrote artifact RunExecutionResult to marketplace\dbt\target\run_results.json
[0m19:17:26.979529 [info ] [MainThread]: 
[0m19:17:26.980529 [info ] [MainThread]: [32mCompleted successfully[0m
[0m19:17:26.981529 [info ] [MainThread]: 
[0m19:17:26.982530 [info ] [MainThread]: Done. PASS=6 WARN=0 ERROR=0 SKIP=0 NO-OP=0 REUSED=0 TOTAL=6
[0m19:17:26.984530 [debug] [MainThread]: Command `python -m dbt.cli.main build` succeeded at 19:17:26.984031 after 13.64 seconds
[0m19:17:26.985530 [debug] [MainThread]: Sending event: {'category': 'dbt', 'action': 'invocation', 'label': 'end', 'context': [<snowplow_tracker.self_describing_json.SelfDescribingJson object at 0x000002349B86B990>, <snowplow_tracker.self_describing_json.SelfDescribingJson object at 0x0000023499C2C590>, <snowplow_tracker.self_describing_json.SelfDescribingJson object at 0x0000023499C2C7D0>]}
[0m19:17:26.986531 [debug] [MainThread]: Flushing usage events
[0m19:17:28.818115 [debug] [MainThread]: An error was encountered while trying to flush usage events
[0m19:18:21.558654 [debug] [MainThread]: Sending event: {'category': 'dbt', 'action': 'invocation', 'label': 'start', 'context': [<snowplow_tracker.self_describing_json.SelfDescribingJson object at 0x0000018B49C60A10>, <snowplow_tracker.self_describing_json.SelfDescribingJson object at 0x0000018B49FF71D0>, <snowplow_tracker.self_describing_json.SelfDescribingJson object at 0x0000018B49C61410>]}


============================== 19:18:21.565187 | 879f91e9-96df-414a-8e7c-30383ce527a6 ==============================
[0m19:18:21.565187 [info ] [MainThread]: Running with dbt=1.12.4
[0m19:18:21.566197 [debug] [MainThread]: running dbt with arguments {'maximum_seed_size_mib': '1', 'no_print': 'None', 'version_check': 'True', 'warn_error_options': 'WarnErrorOptionsV2(error=[], warn=[], silence=[])', 'static_parser': 'True', 'target_path': 'None', 'printer_width': '80', 'write_json': 'True', 'empty': 'None', 'log_cache_events': 'False', 'introspect': 'True', 'cache_selected_only': 'False', 'log_format': 'default', 'debug': 'False', 'fail_fast': 'False', 'partial_parse': 'True', 'send_anonymous_usage_stats': 'True', 'quiet': 'True', 'warn_error': 'None', 'profiles_dir': 'C:\\Users\\alber\\OneDrive\\Data Engineering\\Projects\\kpi-nodejs\\kpi-dashboard-orig\\kpi-dashboard\\marketplace\\dbt', 'invocation_command': 'dbt list metrics', 'hints_enabled': 'True', 'use_colors': 'True', 'use_experimental_parser': 'False', 'indirect_selection': 'eager', 'log_path': 'C:\\Users\\alber\\OneDrive\\Data Engineering\\Projects\\kpi-nodejs\\kpi-dashboard-orig\\kpi-dashboard\\marketplace\\dbt\\logs'}
[0m19:18:21.591731 [info ] [MainThread]: dbt version: 1.12.4
[0m19:18:21.592731 [info ] [MainThread]: python version: 3.11.9
[0m19:18:21.593735 [info ] [MainThread]: python path: C:\Users\alber\AppData\Local\Programs\Python\Python311\python.exe
[0m19:18:21.594234 [info ] [MainThread]: os info: Windows-10-10.0.26200-SP0
[0m19:18:21.689515 [info ] [MainThread]: Using profiles dir at C:\Users\alber\OneDrive\Data Engineering\Projects\kpi-nodejs\kpi-dashboard-orig\kpi-dashboard\marketplace\dbt
[0m19:18:21.690515 [info ] [MainThread]: Using profiles.yml file at C:\Users\alber\OneDrive\Data Engineering\Projects\kpi-nodejs\kpi-dashboard-orig\kpi-dashboard\marketplace\dbt\profiles.yml
[0m19:18:21.691022 [info ] [MainThread]: Using dbt_project.yml file at C:\Users\alber\OneDrive\Data Engineering\Projects\kpi-nodejs\kpi-dashboard-orig\kpi-dashboard\marketplace\dbt\dbt_project.yml
[0m19:18:21.692016 [info ] [MainThread]: adapter type: trino
[0m19:18:21.692517 [info ] [MainThread]: adapter version: 1.8.3
[0m19:18:21.887511 [info ] [MainThread]: Configuration:
[0m19:18:21.888517 [info ] [MainThread]:   profiles.yml file [[32mOK found and valid[0m]
[0m19:18:21.889519 [info ] [MainThread]:   dbt_project.yml file [[32mOK found and valid[0m]
[0m19:18:21.890018 [info ] [MainThread]: Required dependencies:
[0m19:18:21.891020 [debug] [MainThread]: Executing "git --help"
[0m19:18:21.916553 [debug] [MainThread]: STDOUT: "b"usage: git [-v | --version] [-h | --help] [-C <path>] [-c <name>=<value>]\n           [--exec-path[=<path>]] [--html-path] [--man-path] [--info-path]\n           [-p | --paginate | -P | --no-pager] [--no-replace-objects] [--no-lazy-fetch]\n           [--no-optional-locks] [--no-advice] [--bare] [--git-dir=<path>]\n           [--work-tree=<path>] [--namespace=<name>] [--config-env=<name>=<envvar>]\n           <command> [<args>]\n\nThese are common Git commands used in various situations:\n\nstart a working area (see also: git help tutorial)\n   clone      Clone a repository into a new directory\n   init       Create an empty Git repository or reinitialize an existing one\n\nwork on the current change (see also: git help everyday)\n   add        Add file contents to the index\n   mv         Move or rename a file, a directory, or a symlink\n   restore    Restore working tree files\n   rm         Remove files from the working tree and from the index\n\nexamine the history and state (see also: git help revisions)\n   bisect     Use binary search to find the commit that introduced a bug\n   diff       Show changes between commits, commit and working tree, etc\n   grep       Print lines matching a pattern\n   log        Show commit logs\n   show       Show various types of objects\n   status     Show the working tree status\n\ngrow, mark and tweak your common history\n   backfill   Download missing objects in a partial clone\n   branch     List, create, or delete branches\n   commit     Record changes to the repository\n   merge      Join two or more development histories together\n   rebase     Reapply commits on top of another base tip\n   reset      Set `HEAD` or the index to a known state\n   switch     Switch branches\n   tag        Create, list, delete or verify tags\n\ncollaborate (see also: git help workflows)\n   fetch      Download objects and refs from another repository\n   pull       Fetch from and integrate with another repository or a local branch\n   push       Update remote refs along with associated objects\n\n'git help -a' and 'git help -g' list available subcommands and some\nconcept guides. See 'git help <command>' or 'git help <concept>'\nto read about a specific subcommand or concept.\nSee 'git help git' for an overview of the system.\n""
[0m19:18:21.917564 [debug] [MainThread]: STDERR: "b''"
[0m19:18:21.918569 [info ] [MainThread]:  - git [[32mOK found[0m]

[0m19:18:21.919069 [info ] [MainThread]: Connection:
[0m19:18:21.920069 [info ] [MainThread]:   host: localhost
[0m19:18:21.920570 [info ] [MainThread]:   port: 8090
[0m19:18:21.922086 [info ] [MainThread]:   user: marketplace_owner
[0m19:18:21.922086 [info ] [MainThread]:   database: iceberg
[0m19:18:21.924101 [info ] [MainThread]:   schema: marketplace
[0m19:18:21.925101 [info ] [MainThread]:   cert: True
[0m19:18:21.926110 [info ] [MainThread]:   prepared_statements_enabled: True
[0m19:18:21.927623 [info ] [MainThread]: Registered adapter: trino=1.8.3
[0m19:18:22.717789 [debug] [MainThread]: Acquiring new trino connection 'debug'
[0m19:18:22.873503 [debug] [MainThread]: Using trino connection "debug"
[0m19:18:22.874462 [debug] [MainThread]: On debug: select 1 as id
[0m19:18:22.875494 [debug] [MainThread]: Opening a new connection, currently in state init
[0m19:18:24.956117 [debug] [MainThread]: SQL status: SUCCESS in 2.081 seconds
[0m19:18:24.958118 [debug] [MainThread]: On debug: Close
[0m19:18:24.959086 [info ] [MainThread]:   Connection test: [[32mOK connection ok[0m]

[0m19:18:24.959615 [info ] [MainThread]: [32mAll checks passed![0m
[0m19:18:24.961585 [debug] [MainThread]: Command `cli debug` succeeded at 19:18:24.961585 after 3.55 seconds
[0m19:18:24.962585 [debug] [MainThread]: Connection 'debug' was properly closed.
[0m19:18:24.963583 [debug] [MainThread]: Sending event: {'category': 'dbt', 'action': 'invocation', 'label': 'end', 'context': [<snowplow_tracker.self_describing_json.SelfDescribingJson object at 0x0000018B49FF71D0>, <snowplow_tracker.self_describing_json.SelfDescribingJson object at 0x0000018B4A1DDB50>, <snowplow_tracker.self_describing_json.SelfDescribingJson object at 0x0000018B4A8BAE50>]}
[0m19:18:24.964586 [debug] [MainThread]: Flushing usage events
[0m19:18:26.682953 [debug] [MainThread]: An error was encountered while trying to flush usage events
[0m19:19:00.472735 [debug] [MainThread]: Sending event: {'category': 'dbt', 'action': 'invocation', 'label': 'start', 'context': [<snowplow_tracker.self_describing_json.SelfDescribingJson object at 0x00000255217C1650>, <snowplow_tracker.self_describing_json.SelfDescribingJson object at 0x00000255217C3310>, <snowplow_tracker.self_describing_json.SelfDescribingJson object at 0x000002552180FF10>]}


============================== 19:19:00.477736 | da0bfba4-858a-4cd4-8f57-155d8198697f ==============================
[0m19:19:00.477736 [info ] [MainThread]: Running with dbt=1.12.4
[0m19:19:00.479237 [debug] [MainThread]: running dbt with arguments {'static_parser': 'True', 'no_print': 'None', 'maximum_seed_size_mib': '1', 'warn_error_options': 'WarnErrorOptionsV2(error=[], warn=[], silence=[])', 'target_path': 'None', 'version_check': 'True', 'printer_width': '80', 'write_json': 'True', 'empty': 'None', 'log_cache_events': 'False', 'introspect': 'True', 'cache_selected_only': 'False', 'log_format': 'default', 'debug': 'False', 'fail_fast': 'False', 'profiles_dir': 'C:\\Users\\alber\\OneDrive\\Data Engineering\\Projects\\kpi-nodejs\\kpi-dashboard-orig\\kpi-dashboard\\marketplace\\dbt', 'send_anonymous_usage_stats': 'True', 'quiet': 'True', 'warn_error': 'None', 'partial_parse': 'True', 'use_colors': 'True', 'hints_enabled': 'True', 'indirect_selection': 'eager', 'use_experimental_parser': 'False', 'invocation_command': 'dbt list metrics', 'log_path': 'C:\\Users\\alber\\OneDrive\\Data Engineering\\Projects\\kpi-nodejs\\kpi-dashboard-orig\\kpi-dashboard\\marketplace\\dbt\\logs'}
[0m19:19:00.511552 [info ] [MainThread]: dbt version: 1.12.4
[0m19:19:00.512555 [info ] [MainThread]: python version: 3.11.9
[0m19:19:00.513054 [info ] [MainThread]: python path: C:\Users\alber\AppData\Local\Programs\Python\Python311\python.exe
[0m19:19:00.514055 [info ] [MainThread]: os info: Windows-10-10.0.26200-SP0
[0m19:19:00.633972 [info ] [MainThread]: Using profiles dir at C:\Users\alber\OneDrive\Data Engineering\Projects\kpi-nodejs\kpi-dashboard-orig\kpi-dashboard\marketplace\dbt
[0m19:19:00.635008 [info ] [MainThread]: Using profiles.yml file at C:\Users\alber\OneDrive\Data Engineering\Projects\kpi-nodejs\kpi-dashboard-orig\kpi-dashboard\marketplace\dbt\profiles.yml
[0m19:19:00.636043 [info ] [MainThread]: Using dbt_project.yml file at C:\Users\alber\OneDrive\Data Engineering\Projects\kpi-nodejs\kpi-dashboard-orig\kpi-dashboard\marketplace\dbt\dbt_project.yml
[0m19:19:00.638169 [info ] [MainThread]: adapter type: trino
[0m19:19:00.639753 [info ] [MainThread]: adapter version: 1.8.3
[0m19:19:00.845557 [info ] [MainThread]: Configuration:
[0m19:19:00.846583 [info ] [MainThread]:   profiles.yml file [[32mOK found and valid[0m]
[0m19:19:00.847625 [info ] [MainThread]:   dbt_project.yml file [[32mOK found and valid[0m]
[0m19:19:00.849140 [info ] [MainThread]: Required dependencies:
[0m19:19:00.849648 [debug] [MainThread]: Executing "git --help"
[0m19:19:00.877684 [debug] [MainThread]: STDOUT: "b"usage: git [-v | --version] [-h | --help] [-C <path>] [-c <name>=<value>]\n           [--exec-path[=<path>]] [--html-path] [--man-path] [--info-path]\n           [-p | --paginate | -P | --no-pager] [--no-replace-objects] [--no-lazy-fetch]\n           [--no-optional-locks] [--no-advice] [--bare] [--git-dir=<path>]\n           [--work-tree=<path>] [--namespace=<name>] [--config-env=<name>=<envvar>]\n           <command> [<args>]\n\nThese are common Git commands used in various situations:\n\nstart a working area (see also: git help tutorial)\n   clone      Clone a repository into a new directory\n   init       Create an empty Git repository or reinitialize an existing one\n\nwork on the current change (see also: git help everyday)\n   add        Add file contents to the index\n   mv         Move or rename a file, a directory, or a symlink\n   restore    Restore working tree files\n   rm         Remove files from the working tree and from the index\n\nexamine the history and state (see also: git help revisions)\n   bisect     Use binary search to find the commit that introduced a bug\n   diff       Show changes between commits, commit and working tree, etc\n   grep       Print lines matching a pattern\n   log        Show commit logs\n   show       Show various types of objects\n   status     Show the working tree status\n\ngrow, mark and tweak your common history\n   backfill   Download missing objects in a partial clone\n   branch     List, create, or delete branches\n   commit     Record changes to the repository\n   merge      Join two or more development histories together\n   rebase     Reapply commits on top of another base tip\n   reset      Set `HEAD` or the index to a known state\n   switch     Switch branches\n   tag        Create, list, delete or verify tags\n\ncollaborate (see also: git help workflows)\n   fetch      Download objects and refs from another repository\n   pull       Fetch from and integrate with another repository or a local branch\n   push       Update remote refs along with associated objects\n\n'git help -a' and 'git help -g' list available subcommands and some\nconcept guides. See 'git help <command>' or 'git help <concept>'\nto read about a specific subcommand or concept.\nSee 'git help git' for an overview of the system.\n""
[0m19:19:00.878704 [debug] [MainThread]: STDERR: "b''"
[0m19:19:00.879722 [info ] [MainThread]:  - git [[32mOK found[0m]

[0m19:19:00.880750 [info ] [MainThread]: Connection:
[0m19:19:00.881842 [info ] [MainThread]:   host: localhost
[0m19:19:00.882890 [info ] [MainThread]:   port: 8090
[0m19:19:00.883955 [info ] [MainThread]:   user: marketplace_owner
[0m19:19:00.883955 [info ] [MainThread]:   database: iceberg
[0m19:19:00.885008 [info ] [MainThread]:   schema: marketplace
[0m19:19:00.886096 [info ] [MainThread]:   cert: True
[0m19:19:00.887176 [info ] [MainThread]:   prepared_statements_enabled: True
[0m19:19:00.888215 [info ] [MainThread]: Registered adapter: trino=1.8.3
[0m19:19:01.699196 [debug] [MainThread]: Acquiring new trino connection 'debug'
[0m19:19:01.833876 [debug] [MainThread]: Using trino connection "debug"
[0m19:19:01.834898 [debug] [MainThread]: On debug: select 1 as id
[0m19:19:01.835928 [debug] [MainThread]: Opening a new connection, currently in state init
[0m19:19:03.950050 [debug] [MainThread]: SQL status: SUCCESS in 2.114 seconds
[0m19:19:03.952543 [debug] [MainThread]: On debug: Close
[0m19:19:03.954042 [info ] [MainThread]:   Connection test: [[32mOK connection ok[0m]

[0m19:19:03.955042 [info ] [MainThread]: [32mAll checks passed![0m
[0m19:19:03.958045 [debug] [MainThread]: Command `cli debug` succeeded at 19:19:03.957546 after 3.73 seconds
[0m19:19:03.959037 [debug] [MainThread]: Connection 'debug' was properly closed.
[0m19:19:03.960537 [debug] [MainThread]: Sending event: {'category': 'dbt', 'action': 'invocation', 'label': 'end', 'context': [<snowplow_tracker.self_describing_json.SelfDescribingJson object at 0x0000025522084FD0>, <snowplow_tracker.self_describing_json.SelfDescribingJson object at 0x0000025522086B50>, <snowplow_tracker.self_describing_json.SelfDescribingJson object at 0x000002552208BC10>]}
[0m19:19:03.962043 [debug] [MainThread]: Flushing usage events
[0m19:19:05.595726 [debug] [MainThread]: An error was encountered while trying to flush usage events
[0m19:19:26.508884 [debug] [MainThread]: Sending event: {'category': 'dbt', 'action': 'invocation', 'label': 'start', 'context': [<snowplow_tracker.self_describing_json.SelfDescribingJson object at 0x00000221CBA43A10>, <snowplow_tracker.self_describing_json.SelfDescribingJson object at 0x00000221CBB53790>, <snowplow_tracker.self_describing_json.SelfDescribingJson object at 0x00000221CBAB5C90>]}


============================== 19:19:26.513906 | 57e4bed7-a2d9-4d1e-a3e1-87b31e866f5a ==============================
[0m19:19:26.513906 [info ] [MainThread]: Running with dbt=1.12.4
[0m19:19:26.514906 [debug] [MainThread]: running dbt with arguments {'maximum_seed_size_mib': '1', 'no_print': 'None', 'version_check': 'True', 'warn_error_options': 'WarnErrorOptionsV2(error=[], warn=[], silence=[])', 'target_path': 'None', 'static_parser': 'True', 'printer_width': '80', 'write_json': 'True', 'empty': 'None', 'log_cache_events': 'False', 'introspect': 'True', 'cache_selected_only': 'False', 'log_format': 'default', 'debug': 'False', 'fail_fast': 'False', 'profiles_dir': 'C:\\Users\\alber\\OneDrive\\Data Engineering\\Projects\\kpi-nodejs\\kpi-dashboard-orig\\kpi-dashboard\\marketplace\\dbt', 'send_anonymous_usage_stats': 'True', 'quiet': 'True', 'warn_error': 'None', 'partial_parse': 'True', 'indirect_selection': 'eager', 'hints_enabled': 'True', 'use_colors': 'True', 'use_experimental_parser': 'False', 'invocation_command': 'dbt query --metrics delay_analysis_avg_waiting_days --group-by delay_analysis__workflow_stage --order -delay_analysis_avg_waiting_days --limit 6', 'log_path': 'C:\\Users\\alber\\OneDrive\\Data Engineering\\Projects\\kpi-nodejs\\kpi-dashboard-orig\\kpi-dashboard\\marketplace\\dbt\\logs'}
[0m19:19:26.540473 [info ] [MainThread]: dbt version: 1.12.4
[0m19:19:26.540473 [info ] [MainThread]: python version: 3.11.9
[0m19:19:26.541988 [info ] [MainThread]: python path: C:\Users\alber\AppData\Local\Programs\Python\Python311\python.exe
[0m19:19:26.542988 [info ] [MainThread]: os info: Windows-10-10.0.26200-SP0
[0m19:19:26.640202 [info ] [MainThread]: Using profiles dir at C:\Users\alber\OneDrive\Data Engineering\Projects\kpi-nodejs\kpi-dashboard-orig\kpi-dashboard\marketplace\dbt
[0m19:19:26.641207 [info ] [MainThread]: Using profiles.yml file at C:\Users\alber\OneDrive\Data Engineering\Projects\kpi-nodejs\kpi-dashboard-orig\kpi-dashboard\marketplace\dbt\profiles.yml
[0m19:19:26.642215 [info ] [MainThread]: Using dbt_project.yml file at C:\Users\alber\OneDrive\Data Engineering\Projects\kpi-nodejs\kpi-dashboard-orig\kpi-dashboard\marketplace\dbt\dbt_project.yml
[0m19:19:26.643214 [info ] [MainThread]: adapter type: trino
[0m19:19:26.644215 [info ] [MainThread]: adapter version: 1.8.3
[0m19:19:26.824901 [info ] [MainThread]: Configuration:
[0m19:19:26.825901 [info ] [MainThread]:   profiles.yml file [[32mOK found and valid[0m]
[0m19:19:26.826899 [info ] [MainThread]:   dbt_project.yml file [[32mOK found and valid[0m]
[0m19:19:26.827400 [info ] [MainThread]: Required dependencies:
[0m19:19:26.828400 [debug] [MainThread]: Executing "git --help"
[0m19:19:26.850490 [debug] [MainThread]: STDOUT: "b"usage: git [-v | --version] [-h | --help] [-C <path>] [-c <name>=<value>]\n           [--exec-path[=<path>]] [--html-path] [--man-path] [--info-path]\n           [-p | --paginate | -P | --no-pager] [--no-replace-objects] [--no-lazy-fetch]\n           [--no-optional-locks] [--no-advice] [--bare] [--git-dir=<path>]\n           [--work-tree=<path>] [--namespace=<name>] [--config-env=<name>=<envvar>]\n           <command> [<args>]\n\nThese are common Git commands used in various situations:\n\nstart a working area (see also: git help tutorial)\n   clone      Clone a repository into a new directory\n   init       Create an empty Git repository or reinitialize an existing one\n\nwork on the current change (see also: git help everyday)\n   add        Add file contents to the index\n   mv         Move or rename a file, a directory, or a symlink\n   restore    Restore working tree files\n   rm         Remove files from the working tree and from the index\n\nexamine the history and state (see also: git help revisions)\n   bisect     Use binary search to find the commit that introduced a bug\n   diff       Show changes between commits, commit and working tree, etc\n   grep       Print lines matching a pattern\n   log        Show commit logs\n   show       Show various types of objects\n   status     Show the working tree status\n\ngrow, mark and tweak your common history\n   backfill   Download missing objects in a partial clone\n   branch     List, create, or delete branches\n   commit     Record changes to the repository\n   merge      Join two or more development histories together\n   rebase     Reapply commits on top of another base tip\n   reset      Set `HEAD` or the index to a known state\n   switch     Switch branches\n   tag        Create, list, delete or verify tags\n\ncollaborate (see also: git help workflows)\n   fetch      Download objects and refs from another repository\n   pull       Fetch from and integrate with another repository or a local branch\n   push       Update remote refs along with associated objects\n\n'git help -a' and 'git help -g' list available subcommands and some\nconcept guides. See 'git help <command>' or 'git help <concept>'\nto read about a specific subcommand or concept.\nSee 'git help git' for an overview of the system.\n""
[0m19:19:26.851496 [debug] [MainThread]: STDERR: "b''"
[0m19:19:26.852504 [info ] [MainThread]:  - git [[32mOK found[0m]

[0m19:19:26.853507 [info ] [MainThread]: Connection:
[0m19:19:26.854003 [info ] [MainThread]:   host: localhost
[0m19:19:26.855002 [info ] [MainThread]:   port: 8090
[0m19:19:26.855504 [info ] [MainThread]:   user: marketplace_owner
[0m19:19:26.856504 [info ] [MainThread]:   database: iceberg
[0m19:19:26.857504 [info ] [MainThread]:   schema: marketplace
[0m19:19:26.858004 [info ] [MainThread]:   cert: True
[0m19:19:26.859004 [info ] [MainThread]:   prepared_statements_enabled: True
[0m19:19:26.860004 [info ] [MainThread]: Registered adapter: trino=1.8.3
[0m19:19:27.580029 [debug] [MainThread]: Acquiring new trino connection 'debug'
[0m19:19:27.703764 [debug] [MainThread]: Using trino connection "debug"
[0m19:19:27.704764 [debug] [MainThread]: On debug: select 1 as id
[0m19:19:27.705264 [debug] [MainThread]: Opening a new connection, currently in state init
[0m19:19:29.799805 [debug] [MainThread]: SQL status: SUCCESS in 2.094 seconds
[0m19:19:29.801340 [debug] [MainThread]: On debug: Close
[0m19:19:29.802347 [info ] [MainThread]:   Connection test: [[32mOK connection ok[0m]

[0m19:19:29.803349 [info ] [MainThread]: [32mAll checks passed![0m
[0m19:19:29.805347 [debug] [MainThread]: Command `cli debug` succeeded at 19:19:29.805347 after 3.45 seconds
[0m19:19:29.806349 [debug] [MainThread]: Connection 'debug' was properly closed.
[0m19:19:29.807348 [debug] [MainThread]: Sending event: {'category': 'dbt', 'action': 'invocation', 'label': 'end', 'context': [<snowplow_tracker.self_describing_json.SelfDescribingJson object at 0x00000221CBD307D0>, <snowplow_tracker.self_describing_json.SelfDescribingJson object at 0x00000221CBA43510>, <snowplow_tracker.self_describing_json.SelfDescribingJson object at 0x00000221CC3C6F90>]}
[0m19:19:29.808847 [debug] [MainThread]: Flushing usage events
[0m19:19:31.680139 [debug] [MainThread]: An error was encountered while trying to flush usage events
[0m19:19:32.273120 [debug] [MainThread]: Acquiring new trino connection 'MetricFlow_request_mf_rid__lb7f5z8h'
[0m19:19:32.275626 [debug] [MainThread]: Using trino connection "MetricFlow_request_mf_rid__lb7f5z8h"
[0m19:19:32.277119 [debug] [MainThread]: On MetricFlow_request_mf_rid__lb7f5z8h: -- Read Elements From Semantic Model 'delay_analysis'
-- Metric Time Dimension 'arrival_date'
-- Select: ['__delay_analysis_avg_waiting_days', 'delay_analysis__workflow_stage']
-- Select: ['__delay_analysis_avg_waiting_days', 'delay_analysis__workflow_stage']
-- Aggregate Inputs for Simple Metrics
-- Compute Metrics via Expressions
-- Order By ['delay_analysis_avg_waiting_days'] Limit 6
-- Write to DataTable
SELECT
  workflow_stage AS delay_analysis__workflow_stage
  , AVG(avg_waiting_days) AS delay_analysis_avg_waiting_days
FROM "iceberg"."marketplace"."delay_analysis" delay_analysis_src_10000
GROUP BY
  workflow_stage
ORDER BY delay_analysis_avg_waiting_days DESC
LIMIT 6
[0m19:19:32.278621 [debug] [MainThread]: Opening a new connection, currently in state init
[0m19:19:35.188015 [debug] [MainThread]: SQL status: SUCCESS in 2.909 seconds
[0m19:19:35.190016 [debug] [MainThread]: On MetricFlow_request_mf_rid__lb7f5z8h: ROLLBACK
[0m19:19:35.191520 [debug] [MainThread]: On MetricFlow_request_mf_rid__lb7f5z8h: Close
[0m19:19:56.078854 [debug] [MainThread]: Sending event: {'category': 'dbt', 'action': 'invocation', 'label': 'start', 'context': [<snowplow_tracker.self_describing_json.SelfDescribingJson object at 0x00000244D5AE0F90>, <snowplow_tracker.self_describing_json.SelfDescribingJson object at 0x00000244D233EA90>, <snowplow_tracker.self_describing_json.SelfDescribingJson object at 0x00000244D5AE1390>]}


============================== 19:19:56.084437 | f44efd84-ce28-426c-88c1-0f90692c54a4 ==============================
[0m19:19:56.084437 [info ] [MainThread]: Running with dbt=1.12.4
[0m19:19:56.085432 [debug] [MainThread]: running dbt with arguments {'maximum_seed_size_mib': '1', 'no_print': 'None', 'version_check': 'True', 'warn_error_options': 'WarnErrorOptionsV2(error=[], warn=[], silence=[])', 'static_parser': 'True', 'target_path': 'None', 'printer_width': '80', 'write_json': 'True', 'introspect': 'True', 'log_cache_events': 'False', 'empty': 'None', 'cache_selected_only': 'False', 'fail_fast': 'False', 'debug': 'False', 'log_format': 'default', 'partial_parse': 'True', 'send_anonymous_usage_stats': 'True', 'quiet': 'True', 'warn_error': 'None', 'profiles_dir': 'C:\\Users\\alber\\OneDrive\\Data Engineering\\Projects\\kpi-nodejs\\kpi-dashboard-orig\\kpi-dashboard\\marketplace\\dbt', 'use_colors': 'True', 'hints_enabled': 'True', 'indirect_selection': 'eager', 'use_experimental_parser': 'False', 'invocation_command': 'dbt query --metrics delay_analysis_avg_waiting_days --group-by delay_analysis__workflow_stage --explain --limit 3', 'log_path': 'C:\\Users\\alber\\OneDrive\\Data Engineering\\Projects\\kpi-nodejs\\kpi-dashboard-orig\\kpi-dashboard\\marketplace\\dbt\\logs'}
[0m19:19:56.119385 [info ] [MainThread]: dbt version: 1.12.4
[0m19:19:56.120414 [info ] [MainThread]: python version: 3.11.9
[0m19:19:56.121439 [info ] [MainThread]: python path: C:\Users\alber\AppData\Local\Programs\Python\Python311\python.exe
[0m19:19:56.122471 [info ] [MainThread]: os info: Windows-10-10.0.26200-SP0
[0m19:19:56.253497 [info ] [MainThread]: Using profiles dir at C:\Users\alber\OneDrive\Data Engineering\Projects\kpi-nodejs\kpi-dashboard-orig\kpi-dashboard\marketplace\dbt
[0m19:19:56.254526 [info ] [MainThread]: Using profiles.yml file at C:\Users\alber\OneDrive\Data Engineering\Projects\kpi-nodejs\kpi-dashboard-orig\kpi-dashboard\marketplace\dbt\profiles.yml
[0m19:19:56.261252 [info ] [MainThread]: Using dbt_project.yml file at C:\Users\alber\OneDrive\Data Engineering\Projects\kpi-nodejs\kpi-dashboard-orig\kpi-dashboard\marketplace\dbt\dbt_project.yml
[0m19:19:56.263801 [info ] [MainThread]: adapter type: trino
[0m19:19:56.264876 [info ] [MainThread]: adapter version: 1.8.3
[0m19:19:56.517353 [info ] [MainThread]: Configuration:
[0m19:19:56.518375 [info ] [MainThread]:   profiles.yml file [[32mOK found and valid[0m]
[0m19:19:56.519413 [info ] [MainThread]:   dbt_project.yml file [[32mOK found and valid[0m]
[0m19:19:56.520444 [info ] [MainThread]: Required dependencies:
[0m19:19:56.521471 [debug] [MainThread]: Executing "git --help"
[0m19:19:56.552503 [debug] [MainThread]: STDOUT: "b"usage: git [-v | --version] [-h | --help] [-C <path>] [-c <name>=<value>]\n           [--exec-path[=<path>]] [--html-path] [--man-path] [--info-path]\n           [-p | --paginate | -P | --no-pager] [--no-replace-objects] [--no-lazy-fetch]\n           [--no-optional-locks] [--no-advice] [--bare] [--git-dir=<path>]\n           [--work-tree=<path>] [--namespace=<name>] [--config-env=<name>=<envvar>]\n           <command> [<args>]\n\nThese are common Git commands used in various situations:\n\nstart a working area (see also: git help tutorial)\n   clone      Clone a repository into a new directory\n   init       Create an empty Git repository or reinitialize an existing one\n\nwork on the current change (see also: git help everyday)\n   add        Add file contents to the index\n   mv         Move or rename a file, a directory, or a symlink\n   restore    Restore working tree files\n   rm         Remove files from the working tree and from the index\n\nexamine the history and state (see also: git help revisions)\n   bisect     Use binary search to find the commit that introduced a bug\n   diff       Show changes between commits, commit and working tree, etc\n   grep       Print lines matching a pattern\n   log        Show commit logs\n   show       Show various types of objects\n   status     Show the working tree status\n\ngrow, mark and tweak your common history\n   backfill   Download missing objects in a partial clone\n   branch     List, create, or delete branches\n   commit     Record changes to the repository\n   merge      Join two or more development histories together\n   rebase     Reapply commits on top of another base tip\n   reset      Set `HEAD` or the index to a known state\n   switch     Switch branches\n   tag        Create, list, delete or verify tags\n\ncollaborate (see also: git help workflows)\n   fetch      Download objects and refs from another repository\n   pull       Fetch from and integrate with another repository or a local branch\n   push       Update remote refs along with associated objects\n\n'git help -a' and 'git help -g' list available subcommands and some\nconcept guides. See 'git help <command>' or 'git help <concept>'\nto read about a specific subcommand or concept.\nSee 'git help git' for an overview of the system.\n""
[0m19:19:56.554012 [debug] [MainThread]: STDERR: "b''"
[0m19:19:56.554518 [info ] [MainThread]:  - git [[32mOK found[0m]

[0m19:19:56.555540 [info ] [MainThread]: Connection:
[0m19:19:56.557654 [info ] [MainThread]:   host: localhost
[0m19:19:56.558688 [info ] [MainThread]:   port: 8090
[0m19:19:56.559740 [info ] [MainThread]:   user: marketplace_owner
[0m19:19:56.560770 [info ] [MainThread]:   database: iceberg
[0m19:19:56.561777 [info ] [MainThread]:   schema: marketplace
[0m19:19:56.562780 [info ] [MainThread]:   cert: True
[0m19:19:56.562780 [info ] [MainThread]:   prepared_statements_enabled: True
[0m19:19:56.564857 [info ] [MainThread]: Registered adapter: trino=1.8.3
[0m19:19:57.444335 [debug] [MainThread]: Acquiring new trino connection 'debug'
[0m19:19:57.582231 [debug] [MainThread]: Using trino connection "debug"
[0m19:19:57.583289 [debug] [MainThread]: On debug: select 1 as id
[0m19:19:57.584325 [debug] [MainThread]: Opening a new connection, currently in state init
[0m19:19:59.679923 [debug] [MainThread]: SQL status: SUCCESS in 2.095 seconds
[0m19:19:59.682424 [debug] [MainThread]: On debug: Close
[0m19:19:59.684428 [info ] [MainThread]:   Connection test: [[32mOK connection ok[0m]

[0m19:19:59.686428 [info ] [MainThread]: [32mAll checks passed![0m
[0m19:19:59.692425 [debug] [MainThread]: Command `cli debug` succeeded at 19:19:59.690924 after 3.81 seconds
[0m19:19:59.694434 [debug] [MainThread]: Connection 'debug' was properly closed.
[0m19:19:59.695428 [debug] [MainThread]: Sending event: {'category': 'dbt', 'action': 'invocation', 'label': 'end', 'context': [<snowplow_tracker.self_describing_json.SelfDescribingJson object at 0x00000244D5A7F850>, <snowplow_tracker.self_describing_json.SelfDescribingJson object at 0x00000244D5AD7510>, <snowplow_tracker.self_describing_json.SelfDescribingJson object at 0x00000244D63A1AD0>]}
[0m19:19:59.696925 [debug] [MainThread]: Flushing usage events
[0m19:20:01.695554 [debug] [MainThread]: An error was encountered while trying to flush usage events
[0m19:37:26.993343 [debug] [MainThread]: Sending event: {'category': 'dbt', 'action': 'invocation', 'label': 'start', 'context': [<snowplow_tracker.self_describing_json.SelfDescribingJson object at 0x0000029834272210>, <snowplow_tracker.self_describing_json.SelfDescribingJson object at 0x0000029834271E50>, <snowplow_tracker.self_describing_json.SelfDescribingJson object at 0x0000029833DD2A10>]}


============================== 19:37:26.999858 | cb9af528-0715-4d75-9193-6be7c0350a70 ==============================
[0m19:37:26.999858 [info ] [MainThread]: Running with dbt=1.12.4
[0m19:37:27.000865 [debug] [MainThread]: running dbt with arguments {'version_check': 'True', 'no_print': 'None', 'static_parser': 'True', 'warn_error_options': 'WarnErrorOptionsV2(error=[], warn=[], silence=[])', 'target_path': 'None', 'maximum_seed_size_mib': '1', 'printer_width': '80', 'write_json': 'True', 'introspect': 'True', 'log_cache_events': 'False', 'empty': 'None', 'cache_selected_only': 'False', 'fail_fast': 'False', 'debug': 'False', 'log_format': 'default', 'profiles_dir': 'C:\\Users\\alber\\OneDrive\\Data Engineering\\Projects\\kpi-nodejs\\kpi-dashboard-orig\\kpi-dashboard\\marketplace\\dbt', 'send_anonymous_usage_stats': 'True', 'quiet': 'True', 'warn_error': 'None', 'partial_parse': 'True', 'use_colors': 'True', 'hints_enabled': 'True', 'indirect_selection': 'eager', 'use_experimental_parser': 'False', 'invocation_command': 'dbt list metrics', 'log_path': 'C:\\Users\\alber\\OneDrive\\Data Engineering\\Projects\\kpi-nodejs\\kpi-dashboard-orig\\kpi-dashboard\\marketplace\\dbt\\logs'}
[0m19:37:27.028482 [info ] [MainThread]: dbt version: 1.12.4
[0m19:37:27.029981 [info ] [MainThread]: python version: 3.11.9
[0m19:37:27.030992 [info ] [MainThread]: python path: C:\Users\alber\AppData\Local\Programs\Python\Python311\python.exe
[0m19:37:27.031498 [info ] [MainThread]: os info: Windows-10-10.0.26200-SP0
[0m19:37:27.141183 [info ] [MainThread]: Using profiles dir at C:\Users\alber\OneDrive\Data Engineering\Projects\kpi-nodejs\kpi-dashboard-orig\kpi-dashboard\marketplace\dbt
[0m19:37:27.142685 [info ] [MainThread]: Using profiles.yml file at C:\Users\alber\OneDrive\Data Engineering\Projects\kpi-nodejs\kpi-dashboard-orig\kpi-dashboard\marketplace\dbt\profiles.yml
[0m19:37:27.144185 [info ] [MainThread]: Using dbt_project.yml file at C:\Users\alber\OneDrive\Data Engineering\Projects\kpi-nodejs\kpi-dashboard-orig\kpi-dashboard\marketplace\dbt\dbt_project.yml
[0m19:37:27.145682 [info ] [MainThread]: adapter type: trino
[0m19:37:27.147181 [info ] [MainThread]: adapter version: 1.8.3
[0m19:37:27.324028 [info ] [MainThread]: Configuration:
[0m19:37:27.325539 [info ] [MainThread]:   profiles.yml file [[32mOK found and valid[0m]
[0m19:37:27.326535 [info ] [MainThread]:   dbt_project.yml file [[32mOK found and valid[0m]
[0m19:37:27.328036 [info ] [MainThread]: Required dependencies:
[0m19:37:27.329039 [debug] [MainThread]: Executing "git --help"
[0m19:37:27.352103 [debug] [MainThread]: STDOUT: "b"usage: git [-v | --version] [-h | --help] [-C <path>] [-c <name>=<value>]\n           [--exec-path[=<path>]] [--html-path] [--man-path] [--info-path]\n           [-p | --paginate | -P | --no-pager] [--no-replace-objects] [--no-lazy-fetch]\n           [--no-optional-locks] [--no-advice] [--bare] [--git-dir=<path>]\n           [--work-tree=<path>] [--namespace=<name>] [--config-env=<name>=<envvar>]\n           <command> [<args>]\n\nThese are common Git commands used in various situations:\n\nstart a working area (see also: git help tutorial)\n   clone      Clone a repository into a new directory\n   init       Create an empty Git repository or reinitialize an existing one\n\nwork on the current change (see also: git help everyday)\n   add        Add file contents to the index\n   mv         Move or rename a file, a directory, or a symlink\n   restore    Restore working tree files\n   rm         Remove files from the working tree and from the index\n\nexamine the history and state (see also: git help revisions)\n   bisect     Use binary search to find the commit that introduced a bug\n   diff       Show changes between commits, commit and working tree, etc\n   grep       Print lines matching a pattern\n   log        Show commit logs\n   show       Show various types of objects\n   status     Show the working tree status\n\ngrow, mark and tweak your common history\n   backfill   Download missing objects in a partial clone\n   branch     List, create, or delete branches\n   commit     Record changes to the repository\n   merge      Join two or more development histories together\n   rebase     Reapply commits on top of another base tip\n   reset      Set `HEAD` or the index to a known state\n   switch     Switch branches\n   tag        Create, list, delete or verify tags\n\ncollaborate (see also: git help workflows)\n   fetch      Download objects and refs from another repository\n   pull       Fetch from and integrate with another repository or a local branch\n   push       Update remote refs along with associated objects\n\n'git help -a' and 'git help -g' list available subcommands and some\nconcept guides. See 'git help <command>' or 'git help <concept>'\nto read about a specific subcommand or concept.\nSee 'git help git' for an overview of the system.\n""
[0m19:37:27.353604 [debug] [MainThread]: STDERR: "b''"
[0m19:37:27.355103 [info ] [MainThread]:  - git [[32mOK found[0m]

[0m19:37:27.355603 [info ] [MainThread]: Connection:
[0m19:37:27.356602 [info ] [MainThread]:   host: localhost
[0m19:37:27.357601 [info ] [MainThread]:   port: 8090
[0m19:37:27.358601 [info ] [MainThread]:   user: marketplace_owner
[0m19:37:27.359099 [info ] [MainThread]:   database: iceberg
[0m19:37:27.359602 [info ] [MainThread]:   schema: marketplace
[0m19:37:27.361117 [info ] [MainThread]:   cert: True
[0m19:37:27.362117 [info ] [MainThread]:   prepared_statements_enabled: True
[0m19:37:27.363115 [info ] [MainThread]: Registered adapter: trino=1.8.3
[0m19:37:28.107327 [debug] [MainThread]: Acquiring new trino connection 'debug'
[0m19:37:28.262413 [debug] [MainThread]: Using trino connection "debug"
[0m19:37:28.263418 [debug] [MainThread]: On debug: select 1 as id
[0m19:37:28.263921 [debug] [MainThread]: Opening a new connection, currently in state init
[0m19:37:30.362098 [debug] [MainThread]: SQL status: SUCCESS in 2.098 seconds
[0m19:37:30.364595 [debug] [MainThread]: On debug: Close
[0m19:37:30.366598 [info ] [MainThread]:   Connection test: [[32mOK connection ok[0m]

[0m19:37:30.368188 [info ] [MainThread]: [32mAll checks passed![0m
[0m19:37:30.370732 [debug] [MainThread]: Command `cli debug` succeeded at 19:37:30.370732 after 3.53 seconds
[0m19:37:30.372232 [debug] [MainThread]: Connection 'debug' was properly closed.
[0m19:37:30.373735 [debug] [MainThread]: Sending event: {'category': 'dbt', 'action': 'invocation', 'label': 'end', 'context': [<snowplow_tracker.self_describing_json.SelfDescribingJson object at 0x0000029834B37DD0>, <snowplow_tracker.self_describing_json.SelfDescribingJson object at 0x0000029834B38D90>, <snowplow_tracker.self_describing_json.SelfDescribingJson object at 0x00000298344A3310>]}
[0m19:37:30.375238 [debug] [MainThread]: Flushing usage events
[0m19:37:32.068384 [debug] [MainThread]: An error was encountered while trying to flush usage events
[0m19:37:55.816320 [debug] [MainThread]: Sending event: {'category': 'dbt', 'action': 'invocation', 'label': 'start', 'context': [<snowplow_tracker.self_describing_json.SelfDescribingJson object at 0x00000276FE8FF310>, <snowplow_tracker.self_describing_json.SelfDescribingJson object at 0x00000276FE9AF710>, <snowplow_tracker.self_describing_json.SelfDescribingJson object at 0x00000276FE8FEAD0>]}


============================== 19:37:55.821832 | d1789232-d062-4b9d-821a-dcf45e787a9c ==============================
[0m19:37:55.821832 [info ] [MainThread]: Running with dbt=1.12.4
[0m19:37:55.824841 [debug] [MainThread]: running dbt with arguments {'static_parser': 'True', 'no_print': 'None', 'version_check': 'True', 'target_path': 'None', 'warn_error_options': 'WarnErrorOptionsV2(error=[], warn=[], silence=[])', 'maximum_seed_size_mib': '1', 'printer_width': '80', 'write_json': 'True', 'introspect': 'True', 'log_cache_events': 'False', 'empty': 'None', 'cache_selected_only': 'False', 'fail_fast': 'False', 'debug': 'False', 'log_format': 'default', 'partial_parse': 'True', 'send_anonymous_usage_stats': 'True', 'quiet': 'True', 'warn_error': 'None', 'profiles_dir': 'C:\\Users\\alber\\OneDrive\\Data Engineering\\Projects\\kpi-nodejs\\kpi-dashboard-orig\\kpi-dashboard\\marketplace\\dbt', 'indirect_selection': 'eager', 'hints_enabled': 'True', 'use_colors': 'True', 'use_experimental_parser': 'False', 'invocation_command': 'dbt list metrics', 'log_path': 'C:\\Users\\alber\\OneDrive\\Data Engineering\\Projects\\kpi-nodejs\\kpi-dashboard-orig\\kpi-dashboard\\marketplace\\dbt\\logs'}
[0m19:37:55.851892 [info ] [MainThread]: dbt version: 1.12.4
[0m19:37:55.852894 [info ] [MainThread]: python version: 3.11.9
[0m19:37:55.853897 [info ] [MainThread]: python path: C:\Users\alber\AppData\Local\Programs\Python\Python311\python.exe
[0m19:37:55.854398 [info ] [MainThread]: os info: Windows-10-10.0.26200-SP0
[0m19:37:55.965663 [info ] [MainThread]: Using profiles dir at C:\Users\alber\OneDrive\Data Engineering\Projects\kpi-nodejs\kpi-dashboard-orig\kpi-dashboard\marketplace\dbt
[0m19:37:55.966671 [info ] [MainThread]: Using profiles.yml file at C:\Users\alber\OneDrive\Data Engineering\Projects\kpi-nodejs\kpi-dashboard-orig\kpi-dashboard\marketplace\dbt\profiles.yml
[0m19:37:55.967664 [info ] [MainThread]: Using dbt_project.yml file at C:\Users\alber\OneDrive\Data Engineering\Projects\kpi-nodejs\kpi-dashboard-orig\kpi-dashboard\marketplace\dbt\dbt_project.yml
[0m19:37:55.968163 [info ] [MainThread]: adapter type: trino
[0m19:37:55.968660 [info ] [MainThread]: adapter version: 1.8.3
[0m19:37:56.157344 [info ] [MainThread]: Configuration:
[0m19:37:56.158847 [info ] [MainThread]:   profiles.yml file [[32mOK found and valid[0m]
[0m19:37:56.159846 [info ] [MainThread]:   dbt_project.yml file [[32mOK found and valid[0m]
[0m19:37:56.159846 [info ] [MainThread]: Required dependencies:
[0m19:37:56.161365 [debug] [MainThread]: Executing "git --help"
[0m19:37:56.186939 [debug] [MainThread]: STDOUT: "b"usage: git [-v | --version] [-h | --help] [-C <path>] [-c <name>=<value>]\n           [--exec-path[=<path>]] [--html-path] [--man-path] [--info-path]\n           [-p | --paginate | -P | --no-pager] [--no-replace-objects] [--no-lazy-fetch]\n           [--no-optional-locks] [--no-advice] [--bare] [--git-dir=<path>]\n           [--work-tree=<path>] [--namespace=<name>] [--config-env=<name>=<envvar>]\n           <command> [<args>]\n\nThese are common Git commands used in various situations:\n\nstart a working area (see also: git help tutorial)\n   clone      Clone a repository into a new directory\n   init       Create an empty Git repository or reinitialize an existing one\n\nwork on the current change (see also: git help everyday)\n   add        Add file contents to the index\n   mv         Move or rename a file, a directory, or a symlink\n   restore    Restore working tree files\n   rm         Remove files from the working tree and from the index\n\nexamine the history and state (see also: git help revisions)\n   bisect     Use binary search to find the commit that introduced a bug\n   diff       Show changes between commits, commit and working tree, etc\n   grep       Print lines matching a pattern\n   log        Show commit logs\n   show       Show various types of objects\n   status     Show the working tree status\n\ngrow, mark and tweak your common history\n   backfill   Download missing objects in a partial clone\n   branch     List, create, or delete branches\n   commit     Record changes to the repository\n   merge      Join two or more development histories together\n   rebase     Reapply commits on top of another base tip\n   reset      Set `HEAD` or the index to a known state\n   switch     Switch branches\n   tag        Create, list, delete or verify tags\n\ncollaborate (see also: git help workflows)\n   fetch      Download objects and refs from another repository\n   pull       Fetch from and integrate with another repository or a local branch\n   push       Update remote refs along with associated objects\n\n'git help -a' and 'git help -g' list available subcommands and some\nconcept guides. See 'git help <command>' or 'git help <concept>'\nto read about a specific subcommand or concept.\nSee 'git help git' for an overview of the system.\n""
[0m19:37:56.187940 [debug] [MainThread]: STDERR: "b''"
[0m19:37:56.188940 [info ] [MainThread]:  - git [[32mOK found[0m]

[0m19:37:56.192967 [info ] [MainThread]: Connection:
[0m19:37:56.194477 [info ] [MainThread]:   host: localhost
[0m19:37:56.195480 [info ] [MainThread]:   port: 8090
[0m19:37:56.195981 [info ] [MainThread]:   user: marketplace_owner
[0m19:37:56.196980 [info ] [MainThread]:   database: iceberg
[0m19:37:56.197510 [info ] [MainThread]:   schema: marketplace
[0m19:37:56.198479 [info ] [MainThread]:   cert: True
[0m19:37:56.199009 [info ] [MainThread]:   prepared_statements_enabled: True
[0m19:37:56.199507 [info ] [MainThread]: Registered adapter: trino=1.8.3
[0m19:37:57.017838 [debug] [MainThread]: Acquiring new trino connection 'debug'
[0m19:37:57.156733 [debug] [MainThread]: Using trino connection "debug"
[0m19:37:57.158232 [debug] [MainThread]: On debug: select 1 as id
[0m19:37:57.159231 [debug] [MainThread]: Opening a new connection, currently in state init
[0m19:37:59.289964 [debug] [MainThread]: SQL status: SUCCESS in 2.130 seconds
[0m19:37:59.293465 [debug] [MainThread]: On debug: Close
[0m19:37:59.296467 [info ] [MainThread]:   Connection test: [[32mOK connection ok[0m]

[0m19:37:59.297969 [info ] [MainThread]: [32mAll checks passed![0m
[0m19:37:59.301463 [debug] [MainThread]: Command `cli debug` succeeded at 19:37:59.301463 after 3.65 seconds
[0m19:37:59.303463 [debug] [MainThread]: Connection 'debug' was properly closed.
[0m19:37:59.304964 [debug] [MainThread]: Sending event: {'category': 'dbt', 'action': 'invocation', 'label': 'end', 'context': [<snowplow_tracker.self_describing_json.SelfDescribingJson object at 0x00000276FE498450>, <snowplow_tracker.self_describing_json.SelfDescribingJson object at 0x00000276FF223B50>, <snowplow_tracker.self_describing_json.SelfDescribingJson object at 0x00000276FF2239D0>]}
[0m19:37:59.306963 [debug] [MainThread]: Flushing usage events
[0m19:38:01.035130 [debug] [MainThread]: An error was encountered while trying to flush usage events
[0m19:38:09.778384 [debug] [MainThread]: Sending event: {'category': 'dbt', 'action': 'invocation', 'label': 'start', 'context': [<snowplow_tracker.self_describing_json.SelfDescribingJson object at 0x000001341CE21050>, <snowplow_tracker.self_describing_json.SelfDescribingJson object at 0x000001341CD63710>, <snowplow_tracker.self_describing_json.SelfDescribingJson object at 0x000001341CE20ED0>]}


============================== 19:38:09.783962 | 2442d226-444f-4acd-9db6-f67f08f25a93 ==============================
[0m19:38:09.783962 [info ] [MainThread]: Running with dbt=1.12.4
[0m19:38:09.784931 [debug] [MainThread]: running dbt with arguments {'maximum_seed_size_mib': '1', 'no_print': 'None', 'version_check': 'True', 'warn_error_options': 'WarnErrorOptionsV2(error=[], warn=[], silence=[])', 'target_path': 'None', 'static_parser': 'True', 'printer_width': '80', 'write_json': 'True', 'empty': 'None', 'log_cache_events': 'False', 'introspect': 'True', 'cache_selected_only': 'False', 'fail_fast': 'False', 'debug': 'False', 'log_format': 'default', 'profiles_dir': 'C:\\Users\\alber\\OneDrive\\Data Engineering\\Projects\\kpi-nodejs\\kpi-dashboard-orig\\kpi-dashboard\\marketplace\\dbt', 'send_anonymous_usage_stats': 'True', 'quiet': 'True', 'warn_error': 'None', 'partial_parse': 'True', 'invocation_command': 'dbt query --metrics application_throughput_applications_overdue --group-by application_throughput__process', 'hints_enabled': 'True', 'use_colors': 'True', 'use_experimental_parser': 'False', 'indirect_selection': 'eager', 'log_path': 'C:\\Users\\alber\\OneDrive\\Data Engineering\\Projects\\kpi-nodejs\\kpi-dashboard-orig\\kpi-dashboard\\marketplace\\dbt\\logs'}
[0m19:38:09.812671 [info ] [MainThread]: dbt version: 1.12.4
[0m19:38:09.813171 [info ] [MainThread]: python version: 3.11.9
[0m19:38:09.815186 [info ] [MainThread]: python path: C:\Users\alber\AppData\Local\Programs\Python\Python311\python.exe
[0m19:38:09.815686 [info ] [MainThread]: os info: Windows-10-10.0.26200-SP0
[0m19:38:09.928497 [info ] [MainThread]: Using profiles dir at C:\Users\alber\OneDrive\Data Engineering\Projects\kpi-nodejs\kpi-dashboard-orig\kpi-dashboard\marketplace\dbt
[0m19:38:09.929498 [info ] [MainThread]: Using profiles.yml file at C:\Users\alber\OneDrive\Data Engineering\Projects\kpi-nodejs\kpi-dashboard-orig\kpi-dashboard\marketplace\dbt\profiles.yml
[0m19:38:09.930537 [info ] [MainThread]: Using dbt_project.yml file at C:\Users\alber\OneDrive\Data Engineering\Projects\kpi-nodejs\kpi-dashboard-orig\kpi-dashboard\marketplace\dbt\dbt_project.yml
[0m19:38:09.931549 [info ] [MainThread]: adapter type: trino
[0m19:38:09.932553 [info ] [MainThread]: adapter version: 1.8.3
[0m19:38:10.209597 [info ] [MainThread]: Configuration:
[0m19:38:10.211092 [info ] [MainThread]:   profiles.yml file [[32mOK found and valid[0m]
[0m19:38:10.212093 [info ] [MainThread]:   dbt_project.yml file [[32mOK found and valid[0m]
[0m19:38:10.213096 [info ] [MainThread]: Required dependencies:
[0m19:38:10.214095 [debug] [MainThread]: Executing "git --help"
[0m19:38:10.244602 [debug] [MainThread]: STDOUT: "b"usage: git [-v | --version] [-h | --help] [-C <path>] [-c <name>=<value>]\n           [--exec-path[=<path>]] [--html-path] [--man-path] [--info-path]\n           [-p | --paginate | -P | --no-pager] [--no-replace-objects] [--no-lazy-fetch]\n           [--no-optional-locks] [--no-advice] [--bare] [--git-dir=<path>]\n           [--work-tree=<path>] [--namespace=<name>] [--config-env=<name>=<envvar>]\n           <command> [<args>]\n\nThese are common Git commands used in various situations:\n\nstart a working area (see also: git help tutorial)\n   clone      Clone a repository into a new directory\n   init       Create an empty Git repository or reinitialize an existing one\n\nwork on the current change (see also: git help everyday)\n   add        Add file contents to the index\n   mv         Move or rename a file, a directory, or a symlink\n   restore    Restore working tree files\n   rm         Remove files from the working tree and from the index\n\nexamine the history and state (see also: git help revisions)\n   bisect     Use binary search to find the commit that introduced a bug\n   diff       Show changes between commits, commit and working tree, etc\n   grep       Print lines matching a pattern\n   log        Show commit logs\n   show       Show various types of objects\n   status     Show the working tree status\n\ngrow, mark and tweak your common history\n   backfill   Download missing objects in a partial clone\n   branch     List, create, or delete branches\n   commit     Record changes to the repository\n   merge      Join two or more development histories together\n   rebase     Reapply commits on top of another base tip\n   reset      Set `HEAD` or the index to a known state\n   switch     Switch branches\n   tag        Create, list, delete or verify tags\n\ncollaborate (see also: git help workflows)\n   fetch      Download objects and refs from another repository\n   pull       Fetch from and integrate with another repository or a local branch\n   push       Update remote refs along with associated objects\n\n'git help -a' and 'git help -g' list available subcommands and some\nconcept guides. See 'git help <command>' or 'git help <concept>'\nto read about a specific subcommand or concept.\nSee 'git help git' for an overview of the system.\n""
[0m19:38:10.246101 [debug] [MainThread]: STDERR: "b''"
[0m19:38:10.247102 [info ] [MainThread]:  - git [[32mOK found[0m]

[0m19:38:10.248100 [info ] [MainThread]: Connection:
[0m19:38:10.249102 [info ] [MainThread]:   host: localhost
[0m19:38:10.249601 [info ] [MainThread]:   port: 8090
[0m19:38:10.250601 [info ] [MainThread]:   user: marketplace_owner
[0m19:38:10.251604 [info ] [MainThread]:   database: iceberg
[0m19:38:10.252601 [info ] [MainThread]:   schema: marketplace
[0m19:38:10.253602 [info ] [MainThread]:   cert: True
[0m19:38:10.254601 [info ] [MainThread]:   prepared_statements_enabled: True
[0m19:38:10.255602 [info ] [MainThread]: Registered adapter: trino=1.8.3
[0m19:38:11.106762 [debug] [MainThread]: Acquiring new trino connection 'debug'
[0m19:38:11.251564 [debug] [MainThread]: Using trino connection "debug"
[0m19:38:11.253072 [debug] [MainThread]: On debug: select 1 as id
[0m19:38:11.254074 [debug] [MainThread]: Opening a new connection, currently in state init
[0m19:38:13.416892 [debug] [MainThread]: SQL status: SUCCESS in 2.163 seconds
[0m19:38:13.420402 [debug] [MainThread]: On debug: Close
[0m19:38:13.425453 [info ] [MainThread]:   Connection test: [[32mOK connection ok[0m]

[0m19:38:13.428711 [info ] [MainThread]: [32mAll checks passed![0m
[0m19:38:13.433711 [debug] [MainThread]: Command `cli debug` succeeded at 19:38:13.433209 after 3.83 seconds
[0m19:38:13.436209 [debug] [MainThread]: Connection 'debug' was properly closed.
[0m19:38:13.437712 [debug] [MainThread]: Sending event: {'category': 'dbt', 'action': 'invocation', 'label': 'end', 'context': [<snowplow_tracker.self_describing_json.SelfDescribingJson object at 0x0000013419791F50>, <snowplow_tracker.self_describing_json.SelfDescribingJson object at 0x000001341D6E2E50>, <snowplow_tracker.self_describing_json.SelfDescribingJson object at 0x000001341D6E1C50>]}
[0m19:38:13.439727 [debug] [MainThread]: Flushing usage events
[0m19:38:15.176993 [debug] [MainThread]: An error was encountered while trying to flush usage events
[0m19:38:16.015568 [debug] [MainThread]: Acquiring new trino connection 'MetricFlow_request_mf_rid__6n58u6m1'
[0m19:38:16.018565 [debug] [MainThread]: Using trino connection "MetricFlow_request_mf_rid__6n58u6m1"
[0m19:38:16.019567 [debug] [MainThread]: On MetricFlow_request_mf_rid__6n58u6m1: -- Read Elements From Semantic Model 'application_throughput'
-- Metric Time Dimension 'arrival_date'
-- Select: ['__application_throughput_applications_overdue', 'application_throughput__process']
-- Select: ['__application_throughput_applications_overdue', 'application_throughput__process']
-- Aggregate Inputs for Simple Metrics
-- Compute Metrics via Expressions
-- Write to DataTable
SELECT
  process AS application_throughput__process
  , SUM(applications_overdue) AS application_throughput_applications_overdue
FROM "iceberg"."marketplace"."application_throughput" application_throughput_src_10000
GROUP BY
  process
[0m19:38:16.021088 [debug] [MainThread]: Opening a new connection, currently in state init
[0m19:38:18.906331 [debug] [MainThread]: SQL status: SUCCESS in 2.885 seconds
[0m19:38:18.909327 [debug] [MainThread]: On MetricFlow_request_mf_rid__6n58u6m1: ROLLBACK
[0m19:38:18.910327 [debug] [MainThread]: On MetricFlow_request_mf_rid__6n58u6m1: Close
[0m21:03:29.594444 [debug] [MainThread]: Sending event: {'category': 'dbt', 'action': 'invocation', 'label': 'start', 'context': [<snowplow_tracker.self_describing_json.SelfDescribingJson object at 0x0000026E6280FCD0>, <snowplow_tracker.self_describing_json.SelfDescribingJson object at 0x0000026E627A9D50>, <snowplow_tracker.self_describing_json.SelfDescribingJson object at 0x0000026E6276C8D0>]}


============================== 21:03:29.601521 | 562fcf8b-eadb-43ab-8246-9de0dc07d810 ==============================
[0m21:03:29.601521 [info ] [MainThread]: Running with dbt=1.12.4
[0m21:03:29.602989 [debug] [MainThread]: running dbt with arguments {'version_check': 'True', 'no_print': 'None', 'static_parser': 'True', 'target_path': 'None', 'warn_error_options': 'WarnErrorOptionsV2(error=[], warn=[], silence=[])', 'maximum_seed_size_mib': '1', 'printer_width': '80', 'write_json': 'True', 'introspect': 'True', 'log_cache_events': 'False', 'empty': 'None', 'cache_selected_only': 'False', 'fail_fast': 'False', 'debug': 'False', 'log_format': 'default', 'partial_parse': 'True', 'send_anonymous_usage_stats': 'True', 'quiet': 'False', 'warn_error': 'None', 'profiles_dir': 'C:\\Users\\alber\\OneDrive\\Data Engineering\\Projects\\kpi-nodejs\\kpi-dashboard-orig\\kpi-dashboard\\marketplace\\dbt', 'invocation_command': 'dbt debug --target secure', 'hints_enabled': 'True', 'indirect_selection': 'eager', 'use_experimental_parser': 'False', 'use_colors': 'True', 'log_path': 'C:\\Users\\alber\\OneDrive\\Data Engineering\\Projects\\kpi-nodejs\\kpi-dashboard-orig\\kpi-dashboard\\marketplace\\dbt\\logs'}
[0m21:03:29.640722 [info ] [MainThread]: dbt version: 1.12.4
[0m21:03:29.641721 [info ] [MainThread]: python version: 3.11.9
[0m21:03:29.643224 [info ] [MainThread]: python path: C:\Users\alber\AppData\Local\Programs\Python\Python311\python.exe
[0m21:03:29.644223 [info ] [MainThread]: os info: Windows-10-10.0.26200-SP0
[0m21:03:29.752774 [info ] [MainThread]: Using profiles dir at C:\Users\alber\OneDrive\Data Engineering\Projects\kpi-nodejs\kpi-dashboard-orig\kpi-dashboard\marketplace\dbt
[0m21:03:29.753774 [info ] [MainThread]: Using profiles.yml file at C:\Users\alber\OneDrive\Data Engineering\Projects\kpi-nodejs\kpi-dashboard-orig\kpi-dashboard\marketplace\dbt\profiles.yml
[0m21:03:29.755274 [info ] [MainThread]: Using dbt_project.yml file at C:\Users\alber\OneDrive\Data Engineering\Projects\kpi-nodejs\kpi-dashboard-orig\kpi-dashboard\marketplace\dbt\dbt_project.yml
[0m21:03:29.756274 [info ] [MainThread]: adapter type: trino
[0m21:03:29.757274 [info ] [MainThread]: adapter version: 1.8.3
[0m21:03:29.928353 [info ] [MainThread]: Configuration:
[0m21:03:29.929856 [info ] [MainThread]:   profiles.yml file [[32mOK found and valid[0m]
[0m21:03:29.930853 [info ] [MainThread]:   dbt_project.yml file [[32mOK found and valid[0m]
[0m21:03:29.932354 [info ] [MainThread]: Required dependencies:
[0m21:03:29.933353 [debug] [MainThread]: Executing "git --help"
[0m21:03:29.958393 [debug] [MainThread]: STDOUT: "b"usage: git [-v | --version] [-h | --help] [-C <path>] [-c <name>=<value>]\n           [--exec-path[=<path>]] [--html-path] [--man-path] [--info-path]\n           [-p | --paginate | -P | --no-pager] [--no-replace-objects] [--no-lazy-fetch]\n           [--no-optional-locks] [--no-advice] [--bare] [--git-dir=<path>]\n           [--work-tree=<path>] [--namespace=<name>] [--config-env=<name>=<envvar>]\n           <command> [<args>]\n\nThese are common Git commands used in various situations:\n\nstart a working area (see also: git help tutorial)\n   clone      Clone a repository into a new directory\n   init       Create an empty Git repository or reinitialize an existing one\n\nwork on the current change (see also: git help everyday)\n   add        Add file contents to the index\n   mv         Move or rename a file, a directory, or a symlink\n   restore    Restore working tree files\n   rm         Remove files from the working tree and from the index\n\nexamine the history and state (see also: git help revisions)\n   bisect     Use binary search to find the commit that introduced a bug\n   diff       Show changes between commits, commit and working tree, etc\n   grep       Print lines matching a pattern\n   log        Show commit logs\n   show       Show various types of objects\n   status     Show the working tree status\n\ngrow, mark and tweak your common history\n   backfill   Download missing objects in a partial clone\n   branch     List, create, or delete branches\n   commit     Record changes to the repository\n   merge      Join two or more development histories together\n   rebase     Reapply commits on top of another base tip\n   reset      Set `HEAD` or the index to a known state\n   switch     Switch branches\n   tag        Create, list, delete or verify tags\n\ncollaborate (see also: git help workflows)\n   fetch      Download objects and refs from another repository\n   pull       Fetch from and integrate with another repository or a local branch\n   push       Update remote refs along with associated objects\n\n'git help -a' and 'git help -g' list available subcommands and some\nconcept guides. See 'git help <command>' or 'git help <concept>'\nto read about a specific subcommand or concept.\nSee 'git help git' for an overview of the system.\n""
[0m21:03:29.959895 [debug] [MainThread]: STDERR: "b''"
[0m21:03:29.960892 [info ] [MainThread]:  - git [[32mOK found[0m]

[0m21:03:29.961892 [info ] [MainThread]: Connection:
[0m21:03:29.962894 [info ] [MainThread]:   host: localhost
[0m21:03:29.963895 [info ] [MainThread]:   port: 8443
[0m21:03:29.964892 [info ] [MainThread]:   user: marketplace_owner
[0m21:03:29.965395 [info ] [MainThread]:   database: iceberg
[0m21:03:29.966393 [info ] [MainThread]:   schema: marketplace
[0m21:03:29.967395 [info ] [MainThread]:   cert: C:/Users/alber/OneDrive/Data Engineering/Projects/kpi-nodejs/kpi-dashboard-orig/kpi-dashboard/marketplace/generated/trino/tls/marketplace-ca.crt
[0m21:03:29.968393 [info ] [MainThread]:   prepared_statements_enabled: True
[0m21:03:29.969394 [info ] [MainThread]: Registered adapter: trino=1.8.3
[0m21:03:30.534505 [debug] [MainThread]: Acquiring new trino connection 'debug'
[0m21:03:30.768322 [debug] [MainThread]: Using trino connection "debug"
[0m21:03:30.769322 [debug] [MainThread]: On debug: select 1 as id
[0m21:03:30.769822 [debug] [MainThread]: Opening a new connection, currently in state init
[0m21:03:30.946140 [debug] [MainThread]: SQL status: SUCCESS in 0.176 seconds
[0m21:03:30.948140 [debug] [MainThread]: On debug: Close
[0m21:03:30.949140 [info ] [MainThread]:   Connection test: [[32mOK connection ok[0m]

[0m21:03:30.950641 [info ] [MainThread]: [32mAll checks passed![0m
[0m21:03:30.952640 [debug] [MainThread]: Command `dbt debug` succeeded at 21:03:30.952640 after 1.62 seconds
[0m21:03:30.953641 [debug] [MainThread]: Connection 'debug' was properly closed.
[0m21:03:30.954640 [debug] [MainThread]: Sending event: {'category': 'dbt', 'action': 'invocation', 'label': 'end', 'context': [<snowplow_tracker.self_describing_json.SelfDescribingJson object at 0x0000026E627A8250>, <snowplow_tracker.self_describing_json.SelfDescribingJson object at 0x0000026E6300F0D0>, <snowplow_tracker.self_describing_json.SelfDescribingJson object at 0x0000026E59DE9B90>]}
[0m21:03:30.956141 [debug] [MainThread]: Flushing usage events
[0m21:03:32.730009 [debug] [MainThread]: An error was encountered while trying to flush usage events
[0m21:03:50.281211 [debug] [MainThread]: Sending event: {'category': 'dbt', 'action': 'invocation', 'label': 'start', 'context': [<snowplow_tracker.self_describing_json.SelfDescribingJson object at 0x0000022ADDBEFF10>, <snowplow_tracker.self_describing_json.SelfDescribingJson object at 0x0000022ADDC422D0>, <snowplow_tracker.self_describing_json.SelfDescribingJson object at 0x0000022ADDC42310>]}


============================== 21:03:50.286288 | 70c24ebf-77b3-4d43-aeac-fe01406583bf ==============================
[0m21:03:50.286288 [info ] [MainThread]: Running with dbt=1.12.4
[0m21:03:50.287757 [debug] [MainThread]: running dbt with arguments {'static_parser': 'True', 'no_print': 'None', 'version_check': 'True', 'warn_error_options': 'WarnErrorOptionsV2(error=[], warn=[], silence=[])', 'target_path': 'None', 'maximum_seed_size_mib': '1', 'printer_width': '80', 'write_json': 'True', 'introspect': 'True', 'log_cache_events': 'False', 'empty': 'False', 'cache_selected_only': 'False', 'fail_fast': 'False', 'debug': 'False', 'log_format': 'default', 'partial_parse': 'True', 'send_anonymous_usage_stats': 'True', 'quiet': 'False', 'warn_error': 'None', 'profiles_dir': 'C:\\Users\\alber\\OneDrive\\Data Engineering\\Projects\\kpi-nodejs\\kpi-dashboard-orig\\kpi-dashboard\\marketplace\\dbt', 'use_colors': 'True', 'hints_enabled': 'True', 'indirect_selection': 'eager', 'use_experimental_parser': 'False', 'invocation_command': 'dbt build --target secure', 'log_path': 'C:\\Users\\alber\\OneDrive\\Data Engineering\\Projects\\kpi-nodejs\\kpi-dashboard-orig\\kpi-dashboard\\marketplace\\dbt\\logs'}
[0m21:03:50.759144 [debug] [MainThread]: Sending event: {'category': 'dbt', 'action': 'project_id', 'label': '70c24ebf-77b3-4d43-aeac-fe01406583bf', 'context': [<snowplow_tracker.self_describing_json.SelfDescribingJson object at 0x0000022ADDFB8C10>]}
[0m21:03:50.888756 [debug] [MainThread]: Sending event: {'category': 'dbt', 'action': 'adapter_info', 'label': '70c24ebf-77b3-4d43-aeac-fe01406583bf', 'context': [<snowplow_tracker.self_describing_json.SelfDescribingJson object at 0x0000022AD942C390>]}
[0m21:03:50.890755 [info ] [MainThread]: Registered adapter: trino=1.8.3
[0m21:03:51.480436 [debug] [MainThread]: checksum: de0f13513af2fd8bb36ba06b7358dcca46056148e1c613bb88cc95e49d8b6141, vars: {}, profile: nda_marketplace, target: secure, version: 1.12.4
[0m21:03:51.633636 [info ] [MainThread]: Unable to do partial parsing because config vars, config profile, or config target have changed
[0m21:03:51.634634 [debug] [MainThread]: previous checksum: de0f13513af2fd8bb36ba06b7358dcca46056148e1c613bb88cc95e49d8b6141, current checksum: b928a7eedccae93fc000670c8a66fea42035ae928e6eb84a6bb03385efa0dc05
[0m21:03:51.635635 [info ] [MainThread]: Unable to do partial parsing because profile has changed
[0m21:03:51.636634 [debug] [MainThread]: Sending event: {'category': 'dbt', 'action': 'partial_parser', 'label': '70c24ebf-77b3-4d43-aeac-fe01406583bf', 'context': [<snowplow_tracker.self_describing_json.SelfDescribingJson object at 0x0000022ADC28F250>]}
[0m21:03:53.848903 [debug] [MainThread]: Sending event: {'category': 'dbt', 'action': 'load_project', 'label': '70c24ebf-77b3-4d43-aeac-fe01406583bf', 'context': [<snowplow_tracker.self_describing_json.SelfDescribingJson object at 0x0000022ADFB6E310>]}
[0m21:03:53.994999 [debug] [MainThread]: Wrote artifact WritableManifest to C:\Users\alber\OneDrive\Data Engineering\Projects\kpi-nodejs\kpi-dashboard-orig\kpi-dashboard\marketplace\dbt\target\manifest.json
[0m21:03:54.007500 [debug] [MainThread]: Wrote artifact SemanticManifest to C:\Users\alber\OneDrive\Data Engineering\Projects\kpi-nodejs\kpi-dashboard-orig\kpi-dashboard\marketplace\dbt\target\semantic_manifest.json
[0m21:03:54.067573 [debug] [MainThread]: Wrote artifact OsiDocument to C:\Users\alber\OneDrive\Data Engineering\Projects\kpi-nodejs\kpi-dashboard-orig\kpi-dashboard\marketplace\dbt\target\osi_document.json
[0m21:03:54.110614 [debug] [MainThread]: Sending event: {'category': 'dbt', 'action': 'resource_counts', 'label': '70c24ebf-77b3-4d43-aeac-fe01406583bf', 'context': [<snowplow_tracker.self_describing_json.SelfDescribingJson object at 0x0000022ADE42F090>]}
[0m21:03:54.112114 [info ] [MainThread]: Found 6 models, 19 metrics, 496 macros, 5 semantic models
[0m21:03:54.116611 [info ] [MainThread]: 
[0m21:03:54.117614 [info ] [MainThread]: Concurrency: 4 threads (target='secure')
[0m21:03:54.118613 [info ] [MainThread]: 
[0m21:03:54.119620 [debug] [MainThread]: Acquiring new trino connection 'master'
[0m21:03:54.127114 [debug] [ThreadPool]: Acquiring new trino connection 'list_iceberg'
[0m21:03:54.265756 [debug] [ThreadPool]: Using trino connection "list_iceberg"
[0m21:03:54.267253 [debug] [ThreadPool]: On list_iceberg: /* {"app": "dbt", "dbt_version": "1.12.4", "profile_name": "nda_marketplace", "target_name": "secure", "connection_name": "list_iceberg"} */

    select schema_name
    from "iceberg".INFORMATION_SCHEMA.schemata
[0m21:03:54.267753 [debug] [ThreadPool]: Opening a new connection, currently in state init
[0m21:03:54.451572 [debug] [ThreadPool]: SQL status: SUCCESS in 0.183 seconds
[0m21:03:54.454570 [debug] [ThreadPool]: On list_iceberg: Close
[0m21:03:54.458570 [debug] [ThreadPool]: Acquiring new trino connection 'list_iceberg_marketplace'
[0m21:03:54.476565 [debug] [ThreadPool]: Using trino connection "list_iceberg_marketplace"
[0m21:03:54.477566 [debug] [ThreadPool]: On list_iceberg_marketplace: /* {"app": "dbt", "dbt_version": "1.12.4", "profile_name": "nda_marketplace", "target_name": "secure", "connection_name": "list_iceberg_marketplace"} */
select
      t.table_catalog as database,
      t.table_name as name,
      t.table_schema as schema,
      case when mv.name is not null then 'materialized_view'
           when t.table_type = 'BASE TABLE' then 'table'
           when t.table_type = 'VIEW' then 'view'
           else t.table_type
      end as table_type
    from "iceberg".INFORMATION_SCHEMA.tables t
    left join (
            select * from system.metadata.materialized_views
            where catalog_name = 'iceberg'
              and schema_name = 'marketplace') mv
          on mv.catalog_name = t.table_catalog and mv.schema_name = t.table_schema and mv.name = t.table_name
    where t.table_schema = 'marketplace'
[0m21:03:54.478566 [debug] [ThreadPool]: Opening a new connection, currently in state init
[0m21:03:54.748944 [debug] [ThreadPool]: SQL status: SUCCESS in 0.270 seconds
[0m21:03:54.751443 [debug] [ThreadPool]: On list_iceberg_marketplace: ROLLBACK
[0m21:03:54.752438 [debug] [ThreadPool]: On list_iceberg_marketplace: Close
[0m21:03:54.756942 [debug] [MainThread]: Sending event: {'category': 'dbt', 'action': 'runnable_timing', 'label': '70c24ebf-77b3-4d43-aeac-fe01406583bf', 'context': [<snowplow_tracker.self_describing_json.SelfDescribingJson object at 0x0000022ADF925D10>]}
[0m21:03:54.758442 [debug] [MainThread]: On master: COMMIT
[0m21:03:54.767524 [debug] [Thread-1 (]: Began running node model.nda_marketplace.application_throughput
[0m21:03:54.768020 [debug] [Thread-2 (]: Began running node model.nda_marketplace.delay_analysis
[0m21:03:54.769020 [debug] [Thread-3 (]: Began running node model.nda_marketplace.indicator_performance
[0m21:03:54.769521 [debug] [Thread-4 (]: Began running node model.nda_marketplace.metricflow_time_spine
[0m21:03:54.770522 [info ] [Thread-1 (]: 1 of 6 START sql view model marketplace.application_throughput ................. [RUN]
[0m21:03:54.772527 [info ] [Thread-2 (]: 2 of 6 START sql view model marketplace.delay_analysis ......................... [RUN]
[0m21:03:54.774025 [info ] [Thread-3 (]: 3 of 6 START sql view model marketplace.indicator_performance .................. [RUN]
[0m21:03:54.775024 [info ] [Thread-4 (]: 4 of 6 START sql table model marketplace.metricflow_time_spine ................. [RUN]
[0m21:03:54.776525 [debug] [Thread-1 (]: Acquiring new trino connection 'model.nda_marketplace.application_throughput'
[0m21:03:54.777524 [debug] [Thread-2 (]: Acquiring new trino connection 'model.nda_marketplace.delay_analysis'
[0m21:03:54.779024 [debug] [Thread-3 (]: Acquiring new trino connection 'model.nda_marketplace.indicator_performance'
[0m21:03:54.780023 [debug] [Thread-4 (]: Acquiring new trino connection 'model.nda_marketplace.metricflow_time_spine'
[0m21:03:54.781023 [debug] [Thread-1 (]: Began compiling node model.nda_marketplace.application_throughput
[0m21:03:54.782024 [debug] [Thread-2 (]: Began compiling node model.nda_marketplace.delay_analysis
[0m21:03:54.783523 [debug] [Thread-3 (]: Began compiling node model.nda_marketplace.indicator_performance
[0m21:03:54.784524 [debug] [Thread-4 (]: Began compiling node model.nda_marketplace.metricflow_time_spine
[0m21:03:54.788558 [debug] [Thread-1 (]: Writing injected SQL for node "model.nda_marketplace.application_throughput"
[0m21:03:54.791582 [debug] [Thread-2 (]: Writing injected SQL for node "model.nda_marketplace.delay_analysis"
[0m21:03:54.794582 [debug] [Thread-3 (]: Writing injected SQL for node "model.nda_marketplace.indicator_performance"
[0m21:03:54.797081 [debug] [Thread-4 (]: Writing injected SQL for node "model.nda_marketplace.metricflow_time_spine"
[0m21:03:54.799605 [debug] [Thread-1 (]: Began executing node model.nda_marketplace.application_throughput
[0m21:03:54.816675 [debug] [Thread-2 (]: Began executing node model.nda_marketplace.delay_analysis
[0m21:03:54.828292 [debug] [Thread-4 (]: Began executing node model.nda_marketplace.metricflow_time_spine
[0m21:03:54.834805 [debug] [Thread-1 (]: Writing runtime sql for node "model.nda_marketplace.application_throughput"
[0m21:03:54.837827 [debug] [Thread-2 (]: Writing runtime sql for node "model.nda_marketplace.delay_analysis"
[0m21:03:54.838836 [debug] [Thread-3 (]: Began executing node model.nda_marketplace.indicator_performance
[0m21:03:54.894136 [debug] [Thread-4 (]: Writing runtime sql for node "model.nda_marketplace.metricflow_time_spine"
[0m21:03:54.899635 [debug] [Thread-1 (]: Using trino connection "model.nda_marketplace.application_throughput"
[0m21:03:54.902637 [debug] [Thread-3 (]: Writing runtime sql for node "model.nda_marketplace.indicator_performance"
[0m21:03:54.908138 [debug] [Thread-2 (]: Using trino connection "model.nda_marketplace.delay_analysis"
[0m21:03:54.909638 [debug] [Thread-1 (]: On model.nda_marketplace.application_throughput: /* {"app": "dbt", "dbt_version": "1.12.4", "profile_name": "nda_marketplace", "target_name": "secure", "node_id": "model.nda_marketplace.application_throughput"} */

  create or replace view
    "iceberg"."marketplace"."application_throughput"
  security definer
  as
    
-- Application Throughput: How much regulatory work arrived and was completed each quarter, by process. The marketplace equivalent of a production-output measure: volume in, volume out, and the gap between them that becomes backlog.
SELECT
    process_code                                        AS process,
    cohort_month                                        AS arrival_month,
    DATE(cohort_month || '-01')                         AS arrival_date,
    application_type                                    AS application_type,
    route                                               AS handling_route,
    COUNT(*)                                            AS applications_received,
    COUNT_IF(status = 'COMPLETED')                      AS applications_completed,
    COUNT_IF(status <> 'COMPLETED')                     AS applications_open,
    -- due_at is epoch milliseconds in the lake, so compare in the same units
    -- rather than casting every row to a timestamp.
    COUNT_IF(status <> 'COMPLETED'
             AND due_at < TO_UNIXTIME(CURRENT_TIMESTAMP) * 1000) AS applications_overdue
FROM iceberg.nda_gold.all_applications
GROUP BY 1, 2, 3, 4, 5
  
[0m21:03:54.912155 [debug] [Thread-4 (]: Using trino connection "model.nda_marketplace.metricflow_time_spine"
[0m21:03:54.913154 [debug] [Thread-2 (]: On model.nda_marketplace.delay_analysis: /* {"app": "dbt", "dbt_version": "1.12.4", "profile_name": "nda_marketplace", "target_name": "secure", "node_id": "model.nda_marketplace.delay_analysis"} */

  create or replace view
    "iceberg"."marketplace"."delay_analysis"
  security definer
  as
    
-- Delay Analysis: Where elapsed time is lost, stage by stage. The equivalent of a downtime analysis: it separates handling time from queue time so you can see which stage is the bottleneck and how much of the delay is recoverable.
SELECT
    process_code                                        AS process,
    activity_type                                       AS workflow_stage,
    cohort_month                                        AS arrival_month,
    DATE(cohort_month || '-01')                         AS arrival_date,
    COUNT(*)                                            AS times_performed,
    ROUND(AVG(touch_days), 1)                           AS avg_working_days,
    ROUND(AVG(wait_days), 1)                            AS avg_waiting_days,
    ROUND(AVG(touch_days + wait_days), 1)               AS avg_elapsed_days,
    ROUND(100.0E0 * SUM(wait_days)
          / NULLIF(SUM(touch_days + wait_days), 0), 1)  AS pct_time_waiting,
    ROUND(100.0E0 * COUNT_IF(completed_at <= due_at)
          / NULLIF(COUNT_IF(completed_at IS NOT NULL), 0), 1) AS pct_stage_on_time
FROM iceberg.nda_gold.all_steps
GROUP BY 1, 2, 3, 4
  
[0m21:03:54.919167 [debug] [Thread-3 (]: Using trino connection "model.nda_marketplace.indicator_performance"
[0m21:03:54.920168 [debug] [Thread-1 (]: Opening a new connection, currently in state init
[0m21:03:54.921165 [debug] [Thread-4 (]: On model.nda_marketplace.metricflow_time_spine: /* {"app": "dbt", "dbt_version": "1.12.4", "profile_name": "nda_marketplace", "target_name": "secure", "node_id": "model.nda_marketplace.metricflow_time_spine"} */

  
    

    create table "iceberg"."marketplace"."metricflow_time_spine__dbt_tmp"
      
      
    as (
      
-- Day grain calendar for MetricFlow. Small and static; the only table the
-- marketplace writes, everything else is a view.
SELECT date_day
FROM UNNEST(SEQUENCE(DATE '2025-01-01', DATE '2030-12-31', INTERVAL '1' DAY)) AS t(date_day)
    )
[0m21:03:54.922165 [debug] [Thread-2 (]: Opening a new connection, currently in state init
[0m21:03:54.923168 [debug] [Thread-3 (]: On model.nda_marketplace.indicator_performance: /* {"app": "dbt", "dbt_version": "1.12.4", "profile_name": "nda_marketplace", "target_name": "secure", "node_id": "model.nda_marketplace.indicator_performance"} */

  create or replace view
    "iceberg"."marketplace"."indicator_performance"
  security definer
  as
    
-- Indicator Performance: Every published indicator against its agreed target, by quarter. This is the certified source for the KPI dashboard - if a number appears on a slide, it should come from here.
SELECT
    process_code                                        AS process,
    kpi_id                                              AS indicator,
    reporting_quarter                                   AS quarter,
    -- 'Q3 2026' -> 2026-07-01, so the semantic layer has a real date to bucket on.
    DATE(SUBSTR(reporting_quarter, 4, 4) || '-'
         || LPAD(CAST((CAST(SUBSTR(reporting_quarter, 2, 1) AS INTEGER) - 1) * 3 + 1 AS VARCHAR), 2, '0')
         || '-01')                                      AS quarter_start,
    value                                               AS indicator_value,
    target                                              AS indicator_target,
    baseline                                            AS indicator_baseline,
    numerator,
    denominator,
    CASE
        WHEN target IS NULL THEN 'No target'
        WHEN kpi_id LIKE 'avg\_%' ESCAPE '\'
          OR kpi_id LIKE 'median\_%' ESCAPE '\'
            THEN IF(value <= target, 'Met target', 'Below target')
        ELSE IF(value >= target, 'Met target', 'Below target')
    END                                                 AS target_status
FROM iceberg.nda_gold.kpi_quarterly
  
[0m21:03:54.926166 [debug] [Thread-4 (]: Opening a new connection, currently in state init
[0m21:03:54.929179 [debug] [Thread-3 (]: Opening a new connection, currently in state init
[0m21:03:55.198154 [debug] [Thread-2 (]: SQL status: CREATE VIEW in 0.276 seconds
[0m21:03:55.231245 [debug] [Thread-2 (]: On model.nda_marketplace.delay_analysis: ROLLBACK
[0m21:03:55.232748 [debug] [Thread-2 (]: On model.nda_marketplace.delay_analysis: Close
[0m21:03:55.238249 [debug] [Thread-2 (]: Sending event: {'category': 'dbt', 'action': 'run_model', 'label': '70c24ebf-77b3-4d43-aeac-fe01406583bf', 'context': [<snowplow_tracker.self_describing_json.SelfDescribingJson object at 0x0000022ADFD12E10>]}
[0m21:03:55.239750 [info ] [Thread-2 (]: 2 of 6 OK created sql view model marketplace.delay_analysis .................... [[32mCREATE VIEW[0m in 0.46s]
[0m21:03:55.241249 [debug] [Thread-2 (]: Finished running node model.nda_marketplace.delay_analysis
[0m21:03:55.242750 [debug] [Thread-2 (]: Began running node model.nda_marketplace.quality_metrics
[0m21:03:55.244248 [info ] [Thread-2 (]: 5 of 6 START sql view model marketplace.quality_metrics ........................ [RUN]
[0m21:03:55.245746 [debug] [Thread-2 (]: Re-using an available connection from the pool (formerly model.nda_marketplace.delay_analysis, now model.nda_marketplace.quality_metrics)
[0m21:03:55.246746 [debug] [Thread-2 (]: Began compiling node model.nda_marketplace.quality_metrics
[0m21:03:55.251256 [debug] [Thread-2 (]: Writing injected SQL for node "model.nda_marketplace.quality_metrics"
[0m21:03:55.254256 [debug] [Thread-2 (]: Began executing node model.nda_marketplace.quality_metrics
[0m21:03:55.259754 [debug] [Thread-2 (]: Writing runtime sql for node "model.nda_marketplace.quality_metrics"
[0m21:03:55.262753 [debug] [Thread-3 (]: SQL status: CREATE VIEW in 0.334 seconds
[0m21:03:55.263754 [debug] [Thread-1 (]: SQL status: CREATE VIEW in 0.344 seconds
[0m21:03:55.267755 [debug] [Thread-3 (]: On model.nda_marketplace.indicator_performance: ROLLBACK
[0m21:03:55.277311 [debug] [Thread-1 (]: On model.nda_marketplace.application_throughput: ROLLBACK
[0m21:03:55.272753 [debug] [Thread-2 (]: Using trino connection "model.nda_marketplace.quality_metrics"
[0m21:03:55.279344 [debug] [Thread-3 (]: On model.nda_marketplace.indicator_performance: Close
[0m21:03:55.280343 [debug] [Thread-1 (]: On model.nda_marketplace.application_throughput: Close
[0m21:03:55.281343 [debug] [Thread-2 (]: On model.nda_marketplace.quality_metrics: /* {"app": "dbt", "dbt_version": "1.12.4", "profile_name": "nda_marketplace", "target_name": "secure", "node_id": "model.nda_marketplace.quality_metrics"} */

  create or replace view
    "iceberg"."marketplace"."quality_metrics"
  security definer
  as
    
-- Quality Metrics: Compliance outcomes from inspections and assessments: how many were found compliant, how many were not, and how that is trending. Restricted to analysts and above - compliance findings identify small cohorts of named facilities.
SELECT
    process_code                                        AS process,
    activity_type                                       AS activity,
    cohort_month                                        AS arrival_month,
    DATE(cohort_month || '-01')                         AS arrival_date,
    route                                               AS handling_route,
    COUNT(*)                                            AS assessments,
    COUNT_IF(outcome = 'COMPLIANT')                     AS compliant_count,
    COUNT_IF(outcome = 'NON_COMPLIANT')                 AS non_compliant_count,
    ROUND(100.0E0 * COUNT_IF(outcome = 'COMPLIANT')
          / NULLIF(COUNT_IF(outcome IN ('COMPLIANT', 'NON_COMPLIANT')), 0), 1) AS pct_compliant
FROM iceberg.nda_gold.all_activities
WHERE outcome IS NOT NULL
GROUP BY 1, 2, 3, 4, 5
  
[0m21:03:55.283344 [debug] [Thread-3 (]: Sending event: {'category': 'dbt', 'action': 'run_model', 'label': '70c24ebf-77b3-4d43-aeac-fe01406583bf', 'context': [<snowplow_tracker.self_describing_json.SelfDescribingJson object at 0x0000022ADFE2E8D0>]}
[0m21:03:55.285346 [debug] [Thread-1 (]: Sending event: {'category': 'dbt', 'action': 'run_model', 'label': '70c24ebf-77b3-4d43-aeac-fe01406583bf', 'context': [<snowplow_tracker.self_describing_json.SelfDescribingJson object at 0x0000022ADFD2E250>]}
[0m21:03:55.286351 [debug] [Thread-2 (]: Opening a new connection, currently in state closed
[0m21:03:55.288346 [info ] [Thread-3 (]: 3 of 6 OK created sql view model marketplace.indicator_performance ............. [[32mCREATE VIEW[0m in 0.50s]
[0m21:03:55.289845 [info ] [Thread-1 (]: 1 of 6 OK created sql view model marketplace.application_throughput ............ [[32mCREATE VIEW[0m in 0.51s]
[0m21:03:55.292844 [debug] [Thread-3 (]: Finished running node model.nda_marketplace.indicator_performance
[0m21:03:55.294845 [debug] [Thread-1 (]: Finished running node model.nda_marketplace.application_throughput
[0m21:03:55.296375 [debug] [Thread-3 (]: Began running node model.nda_marketplace.turnaround_performance
[0m21:03:55.298891 [info ] [Thread-3 (]: 6 of 6 START sql view model marketplace.turnaround_performance ................. [RUN]
[0m21:03:55.300410 [debug] [Thread-3 (]: Re-using an available connection from the pool (formerly model.nda_marketplace.indicator_performance, now model.nda_marketplace.turnaround_performance)
[0m21:03:55.301410 [debug] [Thread-3 (]: Began compiling node model.nda_marketplace.turnaround_performance
[0m21:03:55.304910 [debug] [Thread-3 (]: Writing injected SQL for node "model.nda_marketplace.turnaround_performance"
[0m21:03:55.307410 [debug] [Thread-3 (]: Began executing node model.nda_marketplace.turnaround_performance
[0m21:03:55.312445 [debug] [Thread-3 (]: Writing runtime sql for node "model.nda_marketplace.turnaround_performance"
[0m21:03:55.326446 [debug] [Thread-3 (]: Using trino connection "model.nda_marketplace.turnaround_performance"
[0m21:03:55.328942 [debug] [Thread-3 (]: On model.nda_marketplace.turnaround_performance: /* {"app": "dbt", "dbt_version": "1.12.4", "profile_name": "nda_marketplace", "target_name": "secure", "node_id": "model.nda_marketplace.turnaround_performance"} */

  create or replace view
    "iceberg"."marketplace"."turnaround_performance"
  security definer
  as
    
-- Turnaround Performance: How long work takes end to end, and how much of that time is genuinely spent working versus waiting in a queue. The split is the point: queue time is usually the cheaper half to remove.
SELECT
    process_code                                        AS process,
    activity_type                                       AS activity,
    cohort_month                                        AS arrival_month,
    DATE(cohort_month || '-01')                         AS arrival_date,
    route                                               AS handling_route,
    COUNT(*)                                            AS completed_count,
    ROUND(AVG(DATE_DIFF('day',
        FROM_UNIXTIME(received_at / 1000),
        FROM_UNIXTIME(completed_at / 1000))), 1)        AS avg_turnaround_days,
    ROUND(APPROX_PERCENTILE(DATE_DIFF('day',
        FROM_UNIXTIME(received_at / 1000),
        FROM_UNIXTIME(completed_at / 1000)), 0.5), 1)   AS median_turnaround_days,
    ROUND(AVG(touch_days), 1)                           AS avg_working_days,
    ROUND(AVG(wait_days), 1)                            AS avg_waiting_days,
    ROUND(100.0E0 * COUNT_IF(completed_at <= due_at)
          / NULLIF(COUNT(*), 0), 1)                     AS pct_on_time
FROM iceberg.nda_gold.all_activities
WHERE completed_at IS NOT NULL AND status = 'COMPLETED'
GROUP BY 1, 2, 3, 4, 5
  
[0m21:03:55.330441 [debug] [Thread-3 (]: Opening a new connection, currently in state closed
[0m21:03:55.503862 [debug] [Thread-2 (]: SQL status: CREATE VIEW in 0.217 seconds
[0m21:03:55.508854 [debug] [Thread-2 (]: On model.nda_marketplace.quality_metrics: ROLLBACK
[0m21:03:55.510525 [debug] [Thread-2 (]: On model.nda_marketplace.quality_metrics: Close
[0m21:03:55.513536 [debug] [Thread-2 (]: Sending event: {'category': 'dbt', 'action': 'run_model', 'label': '70c24ebf-77b3-4d43-aeac-fe01406583bf', 'context': [<snowplow_tracker.self_describing_json.SelfDescribingJson object at 0x0000022ADF8AF890>]}
[0m21:03:55.516037 [info ] [Thread-2 (]: 5 of 6 OK created sql view model marketplace.quality_metrics ................... [[32mCREATE VIEW[0m in 0.27s]
[0m21:03:55.518533 [debug] [Thread-2 (]: Finished running node model.nda_marketplace.quality_metrics
[0m21:03:55.568429 [debug] [Thread-3 (]: SQL status: CREATE VIEW in 0.238 seconds
[0m21:03:55.574425 [debug] [Thread-3 (]: On model.nda_marketplace.turnaround_performance: ROLLBACK
[0m21:03:55.575922 [debug] [Thread-3 (]: On model.nda_marketplace.turnaround_performance: Close
[0m21:03:55.578423 [debug] [Thread-3 (]: Sending event: {'category': 'dbt', 'action': 'run_model', 'label': '70c24ebf-77b3-4d43-aeac-fe01406583bf', 'context': [<snowplow_tracker.self_describing_json.SelfDescribingJson object at 0x0000022ADFE09590>]}
[0m21:03:55.579918 [info ] [Thread-3 (]: 6 of 6 OK created sql view model marketplace.turnaround_performance ............ [[32mCREATE VIEW[0m in 0.28s]
[0m21:03:55.581420 [debug] [Thread-3 (]: Finished running node model.nda_marketplace.turnaround_performance
[0m21:03:56.406866 [debug] [Thread-4 (]: SQL status: CREATE TABLE (2_191 rows) in 1.481 seconds
[0m21:03:56.420385 [debug] [Thread-4 (]: Using trino connection "model.nda_marketplace.metricflow_time_spine"
[0m21:03:56.422401 [debug] [Thread-4 (]: On model.nda_marketplace.metricflow_time_spine: /* {"app": "dbt", "dbt_version": "1.12.4", "profile_name": "nda_marketplace", "target_name": "secure", "node_id": "model.nda_marketplace.metricflow_time_spine"} */
alter table "iceberg"."marketplace"."metricflow_time_spine" rename to "iceberg"."marketplace"."metricflow_time_spine__dbt_backup"
[0m21:03:56.634196 [debug] [Thread-4 (]: SQL status: RENAME TABLE in 0.210 seconds
[0m21:03:56.640697 [debug] [Thread-4 (]: Using trino connection "model.nda_marketplace.metricflow_time_spine"
[0m21:03:56.642199 [debug] [Thread-4 (]: On model.nda_marketplace.metricflow_time_spine: /* {"app": "dbt", "dbt_version": "1.12.4", "profile_name": "nda_marketplace", "target_name": "secure", "node_id": "model.nda_marketplace.metricflow_time_spine"} */
alter table "iceberg"."marketplace"."metricflow_time_spine__dbt_tmp" rename to "iceberg"."marketplace"."metricflow_time_spine"
[0m21:03:56.759686 [debug] [Thread-4 (]: SQL status: RENAME TABLE in 0.116 seconds
[0m21:03:56.769188 [debug] [Thread-4 (]: Applying DROP to: "iceberg"."marketplace"."metricflow_time_spine__dbt_backup"
[0m21:03:56.774183 [debug] [Thread-4 (]: Using trino connection "model.nda_marketplace.metricflow_time_spine"
[0m21:03:56.775188 [debug] [Thread-4 (]: On model.nda_marketplace.metricflow_time_spine: /* {"app": "dbt", "dbt_version": "1.12.4", "profile_name": "nda_marketplace", "target_name": "secure", "node_id": "model.nda_marketplace.metricflow_time_spine"} */

    drop table if exists "iceberg"."marketplace"."metricflow_time_spine__dbt_backup"
[0m21:03:57.006444 [debug] [Thread-4 (]: SQL status: DROP TABLE in 0.230 seconds
[0m21:03:57.009942 [debug] [Thread-4 (]: On model.nda_marketplace.metricflow_time_spine: ROLLBACK
[0m21:03:57.010940 [debug] [Thread-4 (]: On model.nda_marketplace.metricflow_time_spine: Close
[0m21:03:57.013447 [debug] [Thread-4 (]: Sending event: {'category': 'dbt', 'action': 'run_model', 'label': '70c24ebf-77b3-4d43-aeac-fe01406583bf', 'context': [<snowplow_tracker.self_describing_json.SelfDescribingJson object at 0x0000022ADFD25890>]}
[0m21:03:57.015444 [info ] [Thread-4 (]: 4 of 6 OK created sql table model marketplace.metricflow_time_spine ............ [[32mCREATE TABLE (2_191 rows)[0m in 2.23s]
[0m21:03:57.017440 [debug] [Thread-4 (]: Finished running node model.nda_marketplace.metricflow_time_spine
[0m21:03:57.019942 [debug] [MainThread]: On master: COMMIT
[0m21:03:57.020941 [debug] [MainThread]: Connection 'master' was properly closed.
[0m21:03:57.021940 [debug] [MainThread]: Connection 'list_iceberg' was properly closed.
[0m21:03:57.022941 [debug] [MainThread]: Connection 'list_iceberg_marketplace' was properly closed.
[0m21:03:57.023443 [debug] [MainThread]: Connection 'model.nda_marketplace.application_throughput' was properly closed.
[0m21:03:57.024440 [debug] [MainThread]: Connection 'model.nda_marketplace.quality_metrics' was properly closed.
[0m21:03:57.024942 [debug] [MainThread]: Connection 'model.nda_marketplace.turnaround_performance' was properly closed.
[0m21:03:57.025984 [debug] [MainThread]: Connection 'model.nda_marketplace.metricflow_time_spine' was properly closed.
[0m21:03:57.026984 [info ] [MainThread]: 
[0m21:03:57.027982 [info ] [MainThread]: Finished running 1 table model, 5 view models in 0 hours 0 minutes and 2.91 seconds (2.91s).
[0m21:03:57.030481 [debug] [MainThread]: Command end result
[0m21:03:57.089075 [debug] [MainThread]: Wrote artifact WritableManifest to C:\Users\alber\OneDrive\Data Engineering\Projects\kpi-nodejs\kpi-dashboard-orig\kpi-dashboard\marketplace\dbt\target\manifest.json
[0m21:03:57.102113 [debug] [MainThread]: Wrote artifact SemanticManifest to C:\Users\alber\OneDrive\Data Engineering\Projects\kpi-nodejs\kpi-dashboard-orig\kpi-dashboard\marketplace\dbt\target\semantic_manifest.json
[0m21:03:57.121113 [debug] [MainThread]: Wrote artifact OsiDocument to C:\Users\alber\OneDrive\Data Engineering\Projects\kpi-nodejs\kpi-dashboard-orig\kpi-dashboard\marketplace\dbt\target\osi_document.json
[0m21:03:57.130115 [debug] [MainThread]: Wrote artifact RunExecutionResult to C:\Users\alber\OneDrive\Data Engineering\Projects\kpi-nodejs\kpi-dashboard-orig\kpi-dashboard\marketplace\dbt\target\run_results.json
[0m21:03:57.131613 [info ] [MainThread]: 
[0m21:03:57.132612 [info ] [MainThread]: [32mCompleted successfully[0m
[0m21:03:57.133112 [info ] [MainThread]: 
[0m21:03:57.134115 [info ] [MainThread]: Done. PASS=6 WARN=0 ERROR=0 SKIP=0 NO-OP=0 REUSED=0 TOTAL=6
[0m21:03:57.136111 [debug] [MainThread]: Command `dbt build` succeeded at 21:03:57.136111 after 7.03 seconds
[0m21:03:57.137113 [debug] [MainThread]: Sending event: {'category': 'dbt', 'action': 'invocation', 'label': 'end', 'context': [<snowplow_tracker.self_describing_json.SelfDescribingJson object at 0x0000022ADC57BF10>, <snowplow_tracker.self_describing_json.SelfDescribingJson object at 0x0000022AD5249CD0>, <snowplow_tracker.self_describing_json.SelfDescribingJson object at 0x0000022AD4FD4FD0>]}
[0m21:03:57.138112 [debug] [MainThread]: Flushing usage events
[0m21:03:58.943717 [debug] [MainThread]: An error was encountered while trying to flush usage events
[0m21:27:24.435790 [debug] [MainThread]: Sending event: {'category': 'dbt', 'action': 'invocation', 'label': 'start', 'context': [<snowplow_tracker.self_describing_json.SelfDescribingJson object at 0x0000015363C86910>, <snowplow_tracker.self_describing_json.SelfDescribingJson object at 0x000001536381EB90>, <snowplow_tracker.self_describing_json.SelfDescribingJson object at 0x000001536381F0D0>]}


============================== 21:27:24.442310 | 6ce2915b-de7b-402c-816d-0f8885c1272d ==============================
[0m21:27:24.442310 [info ] [MainThread]: Running with dbt=1.12.4
[0m21:27:24.443805 [debug] [MainThread]: running dbt with arguments {'version_check': 'True', 'no_print': 'None', 'static_parser': 'True', 'warn_error_options': 'WarnErrorOptionsV2(error=[], warn=[], silence=[])', 'target_path': 'None', 'maximum_seed_size_mib': '1', 'printer_width': '80', 'write_json': 'True', 'introspect': 'True', 'log_cache_events': 'False', 'empty': 'None', 'cache_selected_only': 'False', 'fail_fast': 'False', 'debug': 'False', 'log_format': 'default', 'partial_parse': 'True', 'send_anonymous_usage_stats': 'True', 'quiet': 'True', 'warn_error': 'None', 'profiles_dir': 'C:\\Users\\alber\\OneDrive\\Data Engineering\\Projects\\kpi-nodejs\\kpi-dashboard-orig\\kpi-dashboard\\marketplace\\dbt', 'indirect_selection': 'eager', 'hints_enabled': 'True', 'use_colors': 'True', 'use_experimental_parser': 'False', 'invocation_command': 'dbt list metrics', 'log_path': 'C:\\Users\\alber\\OneDrive\\Data Engineering\\Projects\\kpi-nodejs\\kpi-dashboard-orig\\kpi-dashboard\\marketplace\\dbt\\logs'}
[0m21:27:24.474304 [info ] [MainThread]: dbt version: 1.12.4
[0m21:27:24.475803 [info ] [MainThread]: python version: 3.11.9
[0m21:27:24.476803 [info ] [MainThread]: python path: C:\Users\alber\AppData\Local\Programs\Python\Python311\python.exe
[0m21:27:24.477802 [info ] [MainThread]: os info: Windows-10-10.0.26200-SP0
[0m21:27:24.579736 [info ] [MainThread]: Using profiles dir at C:\Users\alber\OneDrive\Data Engineering\Projects\kpi-nodejs\kpi-dashboard-orig\kpi-dashboard\marketplace\dbt
[0m21:27:24.581240 [info ] [MainThread]: Using profiles.yml file at C:\Users\alber\OneDrive\Data Engineering\Projects\kpi-nodejs\kpi-dashboard-orig\kpi-dashboard\marketplace\dbt\profiles.yml
[0m21:27:24.582242 [info ] [MainThread]: Using dbt_project.yml file at C:\Users\alber\OneDrive\Data Engineering\Projects\kpi-nodejs\kpi-dashboard-orig\kpi-dashboard\marketplace\dbt\dbt_project.yml
[0m21:27:24.583240 [info ] [MainThread]: adapter type: trino
[0m21:27:24.583737 [info ] [MainThread]: adapter version: 1.8.3
[0m21:27:24.751294 [info ] [MainThread]: Configuration:
[0m21:27:24.752299 [info ] [MainThread]:   profiles.yml file [[32mOK found and valid[0m]
[0m21:27:24.753299 [info ] [MainThread]:   dbt_project.yml file [[32mOK found and valid[0m]
[0m21:27:24.754298 [info ] [MainThread]: Required dependencies:
[0m21:27:24.755300 [debug] [MainThread]: Executing "git --help"
[0m21:27:24.777883 [debug] [MainThread]: STDOUT: "b"usage: git [-v | --version] [-h | --help] [-C <path>] [-c <name>=<value>]\n           [--exec-path[=<path>]] [--html-path] [--man-path] [--info-path]\n           [-p | --paginate | -P | --no-pager] [--no-replace-objects] [--no-lazy-fetch]\n           [--no-optional-locks] [--no-advice] [--bare] [--git-dir=<path>]\n           [--work-tree=<path>] [--namespace=<name>] [--config-env=<name>=<envvar>]\n           <command> [<args>]\n\nThese are common Git commands used in various situations:\n\nstart a working area (see also: git help tutorial)\n   clone      Clone a repository into a new directory\n   init       Create an empty Git repository or reinitialize an existing one\n\nwork on the current change (see also: git help everyday)\n   add        Add file contents to the index\n   mv         Move or rename a file, a directory, or a symlink\n   restore    Restore working tree files\n   rm         Remove files from the working tree and from the index\n\nexamine the history and state (see also: git help revisions)\n   bisect     Use binary search to find the commit that introduced a bug\n   diff       Show changes between commits, commit and working tree, etc\n   grep       Print lines matching a pattern\n   log        Show commit logs\n   show       Show various types of objects\n   status     Show the working tree status\n\ngrow, mark and tweak your common history\n   backfill   Download missing objects in a partial clone\n   branch     List, create, or delete branches\n   commit     Record changes to the repository\n   merge      Join two or more development histories together\n   rebase     Reapply commits on top of another base tip\n   reset      Set `HEAD` or the index to a known state\n   switch     Switch branches\n   tag        Create, list, delete or verify tags\n\ncollaborate (see also: git help workflows)\n   fetch      Download objects and refs from another repository\n   pull       Fetch from and integrate with another repository or a local branch\n   push       Update remote refs along with associated objects\n\n'git help -a' and 'git help -g' list available subcommands and some\nconcept guides. See 'git help <command>' or 'git help <concept>'\nto read about a specific subcommand or concept.\nSee 'git help git' for an overview of the system.\n""
[0m21:27:24.779386 [debug] [MainThread]: STDERR: "b''"
[0m21:27:24.780383 [info ] [MainThread]:  - git [[32mOK found[0m]

[0m21:27:24.781387 [info ] [MainThread]: Connection:
[0m21:27:24.782385 [info ] [MainThread]:   host: localhost
[0m21:27:24.782883 [info ] [MainThread]:   port: 8443
[0m21:27:24.783886 [info ] [MainThread]:   user: marketplace_owner
[0m21:27:24.784888 [info ] [MainThread]:   database: iceberg
[0m21:27:24.785388 [info ] [MainThread]:   schema: marketplace
[0m21:27:24.786388 [info ] [MainThread]:   cert: C:/Users/alber/OneDrive/Data Engineering/Projects/kpi-nodejs/kpi-dashboard-orig/kpi-dashboard/marketplace/generated/trino/tls/marketplace-ca.crt
[0m21:27:24.786889 [info ] [MainThread]:   prepared_statements_enabled: True
[0m21:27:24.788404 [info ] [MainThread]: Registered adapter: trino=1.8.3
[0m21:27:25.519232 [debug] [MainThread]: Acquiring new trino connection 'debug'
[0m21:27:25.678289 [debug] [MainThread]: Using trino connection "debug"
[0m21:27:25.679287 [debug] [MainThread]: On debug: select 1 as id
[0m21:27:25.680291 [debug] [MainThread]: Opening a new connection, currently in state init
[0m21:27:25.863301 [debug] [MainThread]: SQL status: SUCCESS in 0.183 seconds
[0m21:27:25.865802 [debug] [MainThread]: On debug: Close
[0m21:27:25.867305 [info ] [MainThread]:   Connection test: [[32mOK connection ok[0m]

[0m21:27:25.868799 [info ] [MainThread]: [32mAll checks passed![0m
[0m21:27:25.871301 [debug] [MainThread]: Command `cli debug` succeeded at 21:27:25.871301 after 1.60 seconds
[0m21:27:25.872802 [debug] [MainThread]: Connection 'debug' was properly closed.
[0m21:27:25.874300 [debug] [MainThread]: Sending event: {'category': 'dbt', 'action': 'invocation', 'label': 'end', 'context': [<snowplow_tracker.self_describing_json.SelfDescribingJson object at 0x0000015360904090>, <snowplow_tracker.self_describing_json.SelfDescribingJson object at 0x00000153644F8DD0>, <snowplow_tracker.self_describing_json.SelfDescribingJson object at 0x00000153644D6810>]}
[0m21:27:25.875799 [debug] [MainThread]: Flushing usage events
[0m21:27:27.717455 [debug] [MainThread]: An error was encountered while trying to flush usage events
[0m21:28:03.105725 [debug] [MainThread]: Sending event: {'category': 'dbt', 'action': 'invocation', 'label': 'start', 'context': [<snowplow_tracker.self_describing_json.SelfDescribingJson object at 0x000001E84C530890>, <snowplow_tracker.self_describing_json.SelfDescribingJson object at 0x000001E849F8B1D0>, <snowplow_tracker.self_describing_json.SelfDescribingJson object at 0x000001E84C5CB910>]}


============================== 21:28:03.113228 | 5bbbd494-e6ca-4659-a561-703633f36d3f ==============================
[0m21:28:03.113228 [info ] [MainThread]: Running with dbt=1.12.4
[0m21:28:03.114728 [debug] [MainThread]: running dbt with arguments {'maximum_seed_size_mib': '1', 'no_print': 'None', 'version_check': 'True', 'target_path': 'None', 'static_parser': 'True', 'warn_error_options': 'WarnErrorOptionsV2(error=[], warn=[], silence=[])', 'printer_width': '80', 'write_json': 'True', 'introspect': 'True', 'log_cache_events': 'False', 'empty': 'None', 'cache_selected_only': 'False', 'fail_fast': 'False', 'debug': 'False', 'log_format': 'default', 'partial_parse': 'True', 'send_anonymous_usage_stats': 'True', 'quiet': 'True', 'warn_error': 'None', 'profiles_dir': 'C:\\Users\\alber\\OneDrive\\Data Engineering\\Projects\\kpi-nodejs\\kpi-dashboard-orig\\kpi-dashboard\\marketplace\\dbt', 'indirect_selection': 'eager', 'hints_enabled': 'True', 'use_colors': 'True', 'use_experimental_parser': 'False', 'invocation_command': 'dbt list metrics', 'log_path': 'C:\\Users\\alber\\OneDrive\\Data Engineering\\Projects\\kpi-nodejs\\kpi-dashboard-orig\\kpi-dashboard\\marketplace\\dbt\\logs'}
[0m21:28:03.140256 [info ] [MainThread]: dbt version: 1.12.4
[0m21:28:03.141260 [info ] [MainThread]: python version: 3.11.9
[0m21:28:03.142260 [info ] [MainThread]: python path: C:\Users\alber\AppData\Local\Programs\Python\Python311\python.exe
[0m21:28:03.142757 [info ] [MainThread]: os info: Windows-10-10.0.26200-SP0
[0m21:28:03.248945 [info ] [MainThread]: Using profiles dir at C:\Users\alber\OneDrive\Data Engineering\Projects\kpi-nodejs\kpi-dashboard-orig\kpi-dashboard\marketplace\dbt
[0m21:28:03.249945 [info ] [MainThread]: Using profiles.yml file at C:\Users\alber\OneDrive\Data Engineering\Projects\kpi-nodejs\kpi-dashboard-orig\kpi-dashboard\marketplace\dbt\profiles.yml
[0m21:28:03.250943 [info ] [MainThread]: Using dbt_project.yml file at C:\Users\alber\OneDrive\Data Engineering\Projects\kpi-nodejs\kpi-dashboard-orig\kpi-dashboard\marketplace\dbt\dbt_project.yml
[0m21:28:03.251443 [info ] [MainThread]: adapter type: trino
[0m21:28:03.252442 [info ] [MainThread]: adapter version: 1.8.3
[0m21:28:03.427533 [info ] [MainThread]: Configuration:
[0m21:28:03.428533 [info ] [MainThread]:   profiles.yml file [[32mOK found and valid[0m]
[0m21:28:03.429530 [info ] [MainThread]:   dbt_project.yml file [[32mOK found and valid[0m]
[0m21:28:03.430535 [info ] [MainThread]: Required dependencies:
[0m21:28:03.431534 [debug] [MainThread]: Executing "git --help"
[0m21:28:03.455029 [debug] [MainThread]: STDOUT: "b"usage: git [-v | --version] [-h | --help] [-C <path>] [-c <name>=<value>]\n           [--exec-path[=<path>]] [--html-path] [--man-path] [--info-path]\n           [-p | --paginate | -P | --no-pager] [--no-replace-objects] [--no-lazy-fetch]\n           [--no-optional-locks] [--no-advice] [--bare] [--git-dir=<path>]\n           [--work-tree=<path>] [--namespace=<name>] [--config-env=<name>=<envvar>]\n           <command> [<args>]\n\nThese are common Git commands used in various situations:\n\nstart a working area (see also: git help tutorial)\n   clone      Clone a repository into a new directory\n   init       Create an empty Git repository or reinitialize an existing one\n\nwork on the current change (see also: git help everyday)\n   add        Add file contents to the index\n   mv         Move or rename a file, a directory, or a symlink\n   restore    Restore working tree files\n   rm         Remove files from the working tree and from the index\n\nexamine the history and state (see also: git help revisions)\n   bisect     Use binary search to find the commit that introduced a bug\n   diff       Show changes between commits, commit and working tree, etc\n   grep       Print lines matching a pattern\n   log        Show commit logs\n   show       Show various types of objects\n   status     Show the working tree status\n\ngrow, mark and tweak your common history\n   backfill   Download missing objects in a partial clone\n   branch     List, create, or delete branches\n   commit     Record changes to the repository\n   merge      Join two or more development histories together\n   rebase     Reapply commits on top of another base tip\n   reset      Set `HEAD` or the index to a known state\n   switch     Switch branches\n   tag        Create, list, delete or verify tags\n\ncollaborate (see also: git help workflows)\n   fetch      Download objects and refs from another repository\n   pull       Fetch from and integrate with another repository or a local branch\n   push       Update remote refs along with associated objects\n\n'git help -a' and 'git help -g' list available subcommands and some\nconcept guides. See 'git help <command>' or 'git help <concept>'\nto read about a specific subcommand or concept.\nSee 'git help git' for an overview of the system.\n""
[0m21:28:03.456533 [debug] [MainThread]: STDERR: "b''"
[0m21:28:03.457530 [info ] [MainThread]:  - git [[32mOK found[0m]

[0m21:28:03.458533 [info ] [MainThread]: Connection:
[0m21:28:03.459030 [info ] [MainThread]:   host: localhost
[0m21:28:03.460031 [info ] [MainThread]:   port: 8443
[0m21:28:03.461031 [info ] [MainThread]:   user: marketplace_owner
[0m21:28:03.461528 [info ] [MainThread]:   database: iceberg
[0m21:28:03.462529 [info ] [MainThread]:   schema: marketplace
[0m21:28:03.463533 [info ] [MainThread]:   cert: C:/Users/alber/OneDrive/Data Engineering/Projects/kpi-nodejs/kpi-dashboard-orig/kpi-dashboard/marketplace/generated/trino/tls/marketplace-ca.crt
[0m21:28:03.464535 [info ] [MainThread]:   prepared_statements_enabled: True
[0m21:28:03.465532 [info ] [MainThread]: Registered adapter: trino=1.8.3
[0m21:28:04.255142 [debug] [MainThread]: Acquiring new trino connection 'debug'
[0m21:28:04.382735 [debug] [MainThread]: Using trino connection "debug"
[0m21:28:04.384233 [debug] [MainThread]: On debug: select 1 as id
[0m21:28:04.385238 [debug] [MainThread]: Opening a new connection, currently in state init
[0m21:28:04.597020 [debug] [MainThread]: SQL status: SUCCESS in 0.212 seconds
[0m21:28:04.598522 [debug] [MainThread]: On debug: Close
[0m21:28:04.600021 [info ] [MainThread]:   Connection test: [[32mOK connection ok[0m]

[0m21:28:04.601526 [info ] [MainThread]: [32mAll checks passed![0m
[0m21:28:04.603521 [debug] [MainThread]: Command `cli debug` succeeded at 21:28:04.603521 after 1.65 seconds
[0m21:28:04.604523 [debug] [MainThread]: Connection 'debug' was properly closed.
[0m21:28:04.605523 [debug] [MainThread]: Sending event: {'category': 'dbt', 'action': 'invocation', 'label': 'end', 'context': [<snowplow_tracker.self_describing_json.SelfDescribingJson object at 0x000001E84CE31E50>, <snowplow_tracker.self_describing_json.SelfDescribingJson object at 0x000001E84CE3B050>, <snowplow_tracker.self_describing_json.SelfDescribingJson object at 0x000001E84C5F7DD0>]}
[0m21:28:04.606528 [debug] [MainThread]: Flushing usage events
[0m21:28:06.199822 [debug] [MainThread]: An error was encountered while trying to flush usage events
[0m21:28:25.732259 [debug] [MainThread]: Sending event: {'category': 'dbt', 'action': 'invocation', 'label': 'start', 'context': [<snowplow_tracker.self_describing_json.SelfDescribingJson object at 0x000001A1F6C40050>, <snowplow_tracker.self_describing_json.SelfDescribingJson object at 0x000001A1F6CDB650>, <snowplow_tracker.self_describing_json.SelfDescribingJson object at 0x000001A1F6C40910>]}


============================== 21:28:25.737758 | ae49dce8-3609-4927-b4c8-c050f10fddca ==============================
[0m21:28:25.737758 [info ] [MainThread]: Running with dbt=1.12.4
[0m21:28:25.738759 [debug] [MainThread]: running dbt with arguments {'version_check': 'True', 'no_print': 'None', 'maximum_seed_size_mib': '1', 'target_path': 'None', 'warn_error_options': 'WarnErrorOptionsV2(error=[], warn=[], silence=[])', 'static_parser': 'True', 'printer_width': '80', 'write_json': 'True', 'introspect': 'True', 'log_cache_events': 'False', 'empty': 'None', 'cache_selected_only': 'False', 'fail_fast': 'False', 'debug': 'False', 'log_format': 'default', 'partial_parse': 'True', 'send_anonymous_usage_stats': 'True', 'quiet': 'True', 'warn_error': 'None', 'profiles_dir': 'C:\\Users\\alber\\OneDrive\\Data Engineering\\Projects\\kpi-nodejs\\kpi-dashboard-orig\\kpi-dashboard\\marketplace\\dbt', 'use_colors': 'True', 'hints_enabled': 'True', 'invocation_command': 'dbt query --metrics delay_analysis_avg_waiting_days --group-by delay_analysis__workflow_stage --order -delay_analysis_avg_waiting_days', 'use_experimental_parser': 'False', 'indirect_selection': 'eager', 'log_path': 'C:\\Users\\alber\\OneDrive\\Data Engineering\\Projects\\kpi-nodejs\\kpi-dashboard-orig\\kpi-dashboard\\marketplace\\dbt\\logs'}
[0m21:28:25.764259 [info ] [MainThread]: dbt version: 1.12.4
[0m21:28:25.765258 [info ] [MainThread]: python version: 3.11.9
[0m21:28:25.765758 [info ] [MainThread]: python path: C:\Users\alber\AppData\Local\Programs\Python\Python311\python.exe
[0m21:28:25.766759 [info ] [MainThread]: os info: Windows-10-10.0.26200-SP0
[0m21:28:25.868242 [info ] [MainThread]: Using profiles dir at C:\Users\alber\OneDrive\Data Engineering\Projects\kpi-nodejs\kpi-dashboard-orig\kpi-dashboard\marketplace\dbt
[0m21:28:25.869743 [info ] [MainThread]: Using profiles.yml file at C:\Users\alber\OneDrive\Data Engineering\Projects\kpi-nodejs\kpi-dashboard-orig\kpi-dashboard\marketplace\dbt\profiles.yml
[0m21:28:25.870745 [info ] [MainThread]: Using dbt_project.yml file at C:\Users\alber\OneDrive\Data Engineering\Projects\kpi-nodejs\kpi-dashboard-orig\kpi-dashboard\marketplace\dbt\dbt_project.yml
[0m21:28:25.871243 [info ] [MainThread]: adapter type: trino
[0m21:28:25.872244 [info ] [MainThread]: adapter version: 1.8.3
[0m21:28:26.046379 [info ] [MainThread]: Configuration:
[0m21:28:26.047379 [info ] [MainThread]:   profiles.yml file [[32mOK found and valid[0m]
[0m21:28:26.048378 [info ] [MainThread]:   dbt_project.yml file [[32mOK found and valid[0m]
[0m21:28:26.049379 [info ] [MainThread]: Required dependencies:
[0m21:28:26.049881 [debug] [MainThread]: Executing "git --help"
[0m21:28:26.072890 [debug] [MainThread]: STDOUT: "b"usage: git [-v | --version] [-h | --help] [-C <path>] [-c <name>=<value>]\n           [--exec-path[=<path>]] [--html-path] [--man-path] [--info-path]\n           [-p | --paginate | -P | --no-pager] [--no-replace-objects] [--no-lazy-fetch]\n           [--no-optional-locks] [--no-advice] [--bare] [--git-dir=<path>]\n           [--work-tree=<path>] [--namespace=<name>] [--config-env=<name>=<envvar>]\n           <command> [<args>]\n\nThese are common Git commands used in various situations:\n\nstart a working area (see also: git help tutorial)\n   clone      Clone a repository into a new directory\n   init       Create an empty Git repository or reinitialize an existing one\n\nwork on the current change (see also: git help everyday)\n   add        Add file contents to the index\n   mv         Move or rename a file, a directory, or a symlink\n   restore    Restore working tree files\n   rm         Remove files from the working tree and from the index\n\nexamine the history and state (see also: git help revisions)\n   bisect     Use binary search to find the commit that introduced a bug\n   diff       Show changes between commits, commit and working tree, etc\n   grep       Print lines matching a pattern\n   log        Show commit logs\n   show       Show various types of objects\n   status     Show the working tree status\n\ngrow, mark and tweak your common history\n   backfill   Download missing objects in a partial clone\n   branch     List, create, or delete branches\n   commit     Record changes to the repository\n   merge      Join two or more development histories together\n   rebase     Reapply commits on top of another base tip\n   reset      Set `HEAD` or the index to a known state\n   switch     Switch branches\n   tag        Create, list, delete or verify tags\n\ncollaborate (see also: git help workflows)\n   fetch      Download objects and refs from another repository\n   pull       Fetch from and integrate with another repository or a local branch\n   push       Update remote refs along with associated objects\n\n'git help -a' and 'git help -g' list available subcommands and some\nconcept guides. See 'git help <command>' or 'git help <concept>'\nto read about a specific subcommand or concept.\nSee 'git help git' for an overview of the system.\n""
[0m21:28:26.074391 [debug] [MainThread]: STDERR: "b''"
[0m21:28:26.075390 [info ] [MainThread]:  - git [[32mOK found[0m]

[0m21:28:26.076388 [info ] [MainThread]: Connection:
[0m21:28:26.077391 [info ] [MainThread]:   host: localhost
[0m21:28:26.078391 [info ] [MainThread]:   port: 8443
[0m21:28:26.078895 [info ] [MainThread]:   user: marketplace_owner
[0m21:28:26.079889 [info ] [MainThread]:   database: iceberg
[0m21:28:26.080890 [info ] [MainThread]:   schema: marketplace
[0m21:28:26.081892 [info ] [MainThread]:   cert: C:/Users/alber/OneDrive/Data Engineering/Projects/kpi-nodejs/kpi-dashboard-orig/kpi-dashboard/marketplace/generated/trino/tls/marketplace-ca.crt
[0m21:28:26.082391 [info ] [MainThread]:   prepared_statements_enabled: True
[0m21:28:26.083892 [info ] [MainThread]: Registered adapter: trino=1.8.3
[0m21:28:26.997620 [debug] [MainThread]: Acquiring new trino connection 'debug'
[0m21:28:27.162242 [debug] [MainThread]: Using trino connection "debug"
[0m21:28:27.163241 [debug] [MainThread]: On debug: select 1 as id
[0m21:28:27.164241 [debug] [MainThread]: Opening a new connection, currently in state init
[0m21:28:27.355055 [debug] [MainThread]: SQL status: SUCCESS in 0.191 seconds
[0m21:28:27.358052 [debug] [MainThread]: On debug: Close
[0m21:28:27.359956 [info ] [MainThread]:   Connection test: [[32mOK connection ok[0m]

[0m21:28:27.361075 [info ] [MainThread]: [32mAll checks passed![0m
[0m21:28:27.363581 [debug] [MainThread]: Command `cli debug` succeeded at 21:28:27.363084 after 1.78 seconds
[0m21:28:27.364583 [debug] [MainThread]: Connection 'debug' was properly closed.
[0m21:28:27.365581 [debug] [MainThread]: Sending event: {'category': 'dbt', 'action': 'invocation', 'label': 'end', 'context': [<snowplow_tracker.self_describing_json.SelfDescribingJson object at 0x000001A1F752C250>, <snowplow_tracker.self_describing_json.SelfDescribingJson object at 0x000001A1F7542790>, <snowplow_tracker.self_describing_json.SelfDescribingJson object at 0x000001A1F75415D0>]}
[0m21:28:27.367086 [debug] [MainThread]: Flushing usage events
[0m21:28:29.006569 [debug] [MainThread]: An error was encountered while trying to flush usage events
[0m21:28:29.641383 [debug] [MainThread]: Acquiring new trino connection 'MetricFlow_request_mf_rid__hr6uobsf'
[0m21:28:29.643383 [debug] [MainThread]: Using trino connection "MetricFlow_request_mf_rid__hr6uobsf"
[0m21:28:29.643883 [debug] [MainThread]: On MetricFlow_request_mf_rid__hr6uobsf: -- Read Elements From Semantic Model 'delay_analysis'
-- Metric Time Dimension 'arrival_date'
-- Select: ['__delay_analysis_avg_waiting_days', 'delay_analysis__workflow_stage']
-- Select: ['__delay_analysis_avg_waiting_days', 'delay_analysis__workflow_stage']
-- Aggregate Inputs for Simple Metrics
-- Compute Metrics via Expressions
-- Order By ['delay_analysis_avg_waiting_days']
-- Write to DataTable
SELECT
  workflow_stage AS delay_analysis__workflow_stage
  , AVG(avg_waiting_days) AS delay_analysis_avg_waiting_days
FROM "iceberg"."marketplace"."delay_analysis" delay_analysis_src_10000
GROUP BY
  workflow_stage
ORDER BY delay_analysis_avg_waiting_days DESC
[0m21:28:29.644883 [debug] [MainThread]: Opening a new connection, currently in state init
[0m21:28:30.362693 [debug] [MainThread]: SQL status: SUCCESS in 0.718 seconds
[0m21:28:30.366692 [debug] [MainThread]: On MetricFlow_request_mf_rid__hr6uobsf: ROLLBACK
[0m21:28:30.368189 [debug] [MainThread]: On MetricFlow_request_mf_rid__hr6uobsf: Close
[0m21:28:36.787899 [debug] [MainThread]: Sending event: {'category': 'dbt', 'action': 'invocation', 'label': 'start', 'context': [<snowplow_tracker.self_describing_json.SelfDescribingJson object at 0x000001AE4336E1D0>, <snowplow_tracker.self_describing_json.SelfDescribingJson object at 0x000001AE4336E990>, <snowplow_tracker.self_describing_json.SelfDescribingJson object at 0x000001AE43381090>]}


============================== 21:28:36.792899 | 0e5178a9-eabe-4570-805a-bbd4f5d4ed24 ==============================
[0m21:28:36.792899 [info ] [MainThread]: Running with dbt=1.12.4
[0m21:28:36.794400 [debug] [MainThread]: running dbt with arguments {'version_check': 'True', 'no_print': 'None', 'maximum_seed_size_mib': '1', 'warn_error_options': 'WarnErrorOptionsV2(error=[], warn=[], silence=[])', 'target_path': 'None', 'static_parser': 'True', 'printer_width': '80', 'write_json': 'True', 'introspect': 'True', 'log_cache_events': 'False', 'empty': 'None', 'cache_selected_only': 'False', 'log_format': 'default', 'debug': 'False', 'fail_fast': 'False', 'profiles_dir': 'C:\\Users\\alber\\OneDrive\\Data Engineering\\Projects\\kpi-nodejs\\kpi-dashboard-orig\\kpi-dashboard\\marketplace\\dbt', 'send_anonymous_usage_stats': 'True', 'quiet': 'True', 'warn_error': 'None', 'partial_parse': 'True', 'use_colors': 'True', 'hints_enabled': 'True', 'invocation_command': 'dbt query --metrics delay_analysis_avg_waiting_days --group-by delay_analysis__workflow_stage --explain', 'use_experimental_parser': 'False', 'indirect_selection': 'eager', 'log_path': 'C:\\Users\\alber\\OneDrive\\Data Engineering\\Projects\\kpi-nodejs\\kpi-dashboard-orig\\kpi-dashboard\\marketplace\\dbt\\logs'}
[0m21:28:36.820458 [info ] [MainThread]: dbt version: 1.12.4
[0m21:28:36.821974 [info ] [MainThread]: python version: 3.11.9
[0m21:28:36.822981 [info ] [MainThread]: python path: C:\Users\alber\AppData\Local\Programs\Python\Python311\python.exe
[0m21:28:36.823981 [info ] [MainThread]: os info: Windows-10-10.0.26200-SP0
[0m21:28:36.925687 [info ] [MainThread]: Using profiles dir at C:\Users\alber\OneDrive\Data Engineering\Projects\kpi-nodejs\kpi-dashboard-orig\kpi-dashboard\marketplace\dbt
[0m21:28:36.926687 [info ] [MainThread]: Using profiles.yml file at C:\Users\alber\OneDrive\Data Engineering\Projects\kpi-nodejs\kpi-dashboard-orig\kpi-dashboard\marketplace\dbt\profiles.yml
[0m21:28:36.927684 [info ] [MainThread]: Using dbt_project.yml file at C:\Users\alber\OneDrive\Data Engineering\Projects\kpi-nodejs\kpi-dashboard-orig\kpi-dashboard\marketplace\dbt\dbt_project.yml
[0m21:28:36.928187 [info ] [MainThread]: adapter type: trino
[0m21:28:36.929700 [info ] [MainThread]: adapter version: 1.8.3
[0m21:28:37.097724 [info ] [MainThread]: Configuration:
[0m21:28:37.098724 [info ] [MainThread]:   profiles.yml file [[32mOK found and valid[0m]
[0m21:28:37.099723 [info ] [MainThread]:   dbt_project.yml file [[32mOK found and valid[0m]
[0m21:28:37.100224 [info ] [MainThread]: Required dependencies:
[0m21:28:37.101227 [debug] [MainThread]: Executing "git --help"
[0m21:28:37.124224 [debug] [MainThread]: STDOUT: "b"usage: git [-v | --version] [-h | --help] [-C <path>] [-c <name>=<value>]\n           [--exec-path[=<path>]] [--html-path] [--man-path] [--info-path]\n           [-p | --paginate | -P | --no-pager] [--no-replace-objects] [--no-lazy-fetch]\n           [--no-optional-locks] [--no-advice] [--bare] [--git-dir=<path>]\n           [--work-tree=<path>] [--namespace=<name>] [--config-env=<name>=<envvar>]\n           <command> [<args>]\n\nThese are common Git commands used in various situations:\n\nstart a working area (see also: git help tutorial)\n   clone      Clone a repository into a new directory\n   init       Create an empty Git repository or reinitialize an existing one\n\nwork on the current change (see also: git help everyday)\n   add        Add file contents to the index\n   mv         Move or rename a file, a directory, or a symlink\n   restore    Restore working tree files\n   rm         Remove files from the working tree and from the index\n\nexamine the history and state (see also: git help revisions)\n   bisect     Use binary search to find the commit that introduced a bug\n   diff       Show changes between commits, commit and working tree, etc\n   grep       Print lines matching a pattern\n   log        Show commit logs\n   show       Show various types of objects\n   status     Show the working tree status\n\ngrow, mark and tweak your common history\n   backfill   Download missing objects in a partial clone\n   branch     List, create, or delete branches\n   commit     Record changes to the repository\n   merge      Join two or more development histories together\n   rebase     Reapply commits on top of another base tip\n   reset      Set `HEAD` or the index to a known state\n   switch     Switch branches\n   tag        Create, list, delete or verify tags\n\ncollaborate (see also: git help workflows)\n   fetch      Download objects and refs from another repository\n   pull       Fetch from and integrate with another repository or a local branch\n   push       Update remote refs along with associated objects\n\n'git help -a' and 'git help -g' list available subcommands and some\nconcept guides. See 'git help <command>' or 'git help <concept>'\nto read about a specific subcommand or concept.\nSee 'git help git' for an overview of the system.\n""
[0m21:28:37.125224 [debug] [MainThread]: STDERR: "b''"
[0m21:28:37.126224 [info ] [MainThread]:  - git [[32mOK found[0m]

[0m21:28:37.127231 [info ] [MainThread]: Connection:
[0m21:28:37.128233 [info ] [MainThread]:   host: localhost
[0m21:28:37.128729 [info ] [MainThread]:   port: 8443
[0m21:28:37.129731 [info ] [MainThread]:   user: marketplace_owner
[0m21:28:37.130730 [info ] [MainThread]:   database: iceberg
[0m21:28:37.131731 [info ] [MainThread]:   schema: marketplace
[0m21:28:37.132730 [info ] [MainThread]:   cert: C:/Users/alber/OneDrive/Data Engineering/Projects/kpi-nodejs/kpi-dashboard-orig/kpi-dashboard/marketplace/generated/trino/tls/marketplace-ca.crt
[0m21:28:37.133229 [info ] [MainThread]:   prepared_statements_enabled: True
[0m21:28:37.134731 [info ] [MainThread]: Registered adapter: trino=1.8.3
[0m21:28:37.898554 [debug] [MainThread]: Acquiring new trino connection 'debug'
[0m21:28:38.026213 [debug] [MainThread]: Using trino connection "debug"
[0m21:28:38.027211 [debug] [MainThread]: On debug: select 1 as id
[0m21:28:38.028218 [debug] [MainThread]: Opening a new connection, currently in state init
[0m21:28:38.197906 [debug] [MainThread]: SQL status: SUCCESS in 0.170 seconds
[0m21:28:38.200406 [debug] [MainThread]: On debug: Close
[0m21:28:38.201905 [info ] [MainThread]:   Connection test: [[32mOK connection ok[0m]

[0m21:28:38.202905 [info ] [MainThread]: [32mAll checks passed![0m
[0m21:28:38.205904 [debug] [MainThread]: Command `cli debug` succeeded at 21:28:38.205405 after 1.62 seconds
[0m21:28:38.206904 [debug] [MainThread]: Connection 'debug' was properly closed.
[0m21:28:38.207904 [debug] [MainThread]: Sending event: {'category': 'dbt', 'action': 'invocation', 'label': 'end', 'context': [<snowplow_tracker.self_describing_json.SelfDescribingJson object at 0x000001AE42EBF550>, <snowplow_tracker.self_describing_json.SelfDescribingJson object at 0x000001AE4341BD90>, <snowplow_tracker.self_describing_json.SelfDescribingJson object at 0x000001AE43548610>]}
[0m21:28:38.208905 [debug] [MainThread]: Flushing usage events
[0m21:28:39.838417 [debug] [MainThread]: An error was encountered while trying to flush usage events
==================== 2026-09-15T07:28:20.515799Z | 01a0a3f7-7c1d-72c0-b0a9-03d8989075db ====================
[0m10:28:37.170403 [debug] [MainThread]: Sending event: {'category': 'dbt', 'action': 'invocation', 'label': 'start', 'context': [<snowplow_tracker.self_describing_json.SelfDescribingJson object at 0x00000249C6385190>, <snowplow_tracker.self_describing_json.SelfDescribingJson object at 0x00000249C63745D0>, <snowplow_tracker.self_describing_json.SelfDescribingJson object at 0x00000249C6384610>]}


============================== 10:28:37.177405 | 367b4e5d-a515-44d6-a9f8-38baadcfa83f ==============================
[0m10:28:37.177405 [info ] [MainThread]: Running with dbt=1.12.4
[0m10:28:37.178905 [debug] [MainThread]: running dbt with arguments {'version_check': 'True', 'no_print': 'None', 'static_parser': 'True', 'target_path': 'None', 'warn_error_options': 'WarnErrorOptionsV2(error=[], warn=[], silence=[])', 'maximum_seed_size_mib': '1', 'printer_width': '80', 'write_json': 'True', 'empty': 'None', 'log_cache_events': 'False', 'introspect': 'True', 'cache_selected_only': 'False', 'log_format': 'default', 'debug': 'False', 'fail_fast': 'False', 'partial_parse': 'True', 'send_anonymous_usage_stats': 'True', 'quiet': 'False', 'warn_error': 'None', 'profiles_dir': 'c:\\Users\\alber\\OneDrive\\Data Engineering\\Projects\\kpi-nodejs\\kpi-dashboard-orig\\kpi-dashboard\\marketplace\\dbt', 'use_colors': 'True', 'hints_enabled': 'True', 'invocation_command': 'dbt ', 'use_experimental_parser': 'False', 'indirect_selection': 'eager', 'log_path': 'c:\\Users\\alber\\OneDrive\\Data Engineering\\Projects\\kpi-nodejs\\kpi-dashboard-orig\\kpi-dashboard\\marketplace\\dbt\\logs'}
[0m10:28:37.631416 [debug] [MainThread]: Sending event: {'category': 'dbt', 'action': 'project_id', 'label': '367b4e5d-a515-44d6-a9f8-38baadcfa83f', 'context': [<snowplow_tracker.self_describing_json.SelfDescribingJson object at 0x00000249C1E54810>]}
[0m10:28:37.675443 [info ] [MainThread]: Warning: No packages were found in packages.yml
[0m10:28:37.677445 [info ] [MainThread]: Warning: No packages were found in packages.yml
[0m10:28:37.679943 [debug] [MainThread]: Command `cli deps` succeeded at 10:28:37.679943 after 0.78 seconds
[0m10:28:37.681444 [debug] [MainThread]: Sending event: {'category': 'dbt', 'action': 'invocation', 'label': 'end', 'context': [<snowplow_tracker.self_describing_json.SelfDescribingJson object at 0x00000249BD980ED0>, <snowplow_tracker.self_describing_json.SelfDescribingJson object at 0x00000249C6373CD0>, <snowplow_tracker.self_describing_json.SelfDescribingJson object at 0x00000249C6373B90>]}
[0m10:28:37.682443 [debug] [MainThread]: Flushing usage events
[0m10:28:39.620583 [debug] [MainThread]: An error was encountered while trying to flush usage events
